0 , 902200 , 507600 , 373200 , 29.9023
1 , 1947400 , 528300 , 397800 , 20.818
2 , 3206800 , 526800 , 576000 , 15.9458
3 , 4338000 , 525500 , 486800 , 14.7468
4 , 5307200 , 526000 , 342800 , 13.4152
5 , 6241600 , 507100 , 335500 , 12.4762
6 , 7110400 , 439200 , 339600 , 11.7278
7 , 7883700 , 356800 , 333300 , 11.1503
8 , 8685100 , 357000 , 337200 , 10.8509
9 , 9439100 , 355500 , 335300 , 10.0969
10 , 10350100 , 460900 , 386900 , 9.60867
11 , 11361600 , 519500 , 394600 , 9.39233
12 , 12391400 , 517800 , 396500 , 9.26153
13 , 13329000 , 514000 , 367000 , 8.50614
14 , 14304600 , 501000 , 344800 , 8.35305
15 , 15240000 , 499100 , 348600 , 8.19283
16 , 17603400 , 494400 , 1779800 , 8.03896
17 , 18581200 , 511000 , 350100 , 7.94177
18 , 19593000 , 503300 , 364300 , 7.74625
19 , 20600500 , 501100 , 360200 , 7.62228
20 , 21612200 , 519400 , 379500 , 7.51005
21 , 22625300 , 516700 , 365500 , 7.43766
22 , 23570500 , 504600 , 348200 , 7.33028
23 , 24523300 , 493700 , 349300 , 7.26216
24 , 25456500 , 492800 , 350000 , 7.16158
25 , 26403900 , 492200 , 345400 , 7.09922
26 , 27339700 , 493500 , 352800 , 7.00394
27 , 28297400 , 483800 , 364200 , 6.94809
28 , 29236400 , 488700 , 360600 , 6.85738
29 , 30239800 , 494000 , 367700 , 6.80821
30 , 31156900 , 486600 , 358100 , 6.67451
31 , 32075500 , 356300 , 444000 , 6.61911
32 , 33186700 , 527000 , 402400 , 6.56441
33 , 34168500 , 505400 , 400000 , 6.34789
34 , 35137400 , 496300 , 361800 , 6.22223
35 , 36092800 , 503100 , 360800 , 6.11468
36 , 37113500 , 491100 , 420600 , 6.04794
37 , 38059800 , 508300 , 362400 , 5.88979
38 , 39013300 , 496000 , 346800 , 5.81417
39 , 39926600 , 485700 , 358500 , 5.68378
40 , 40877200 , 482300 , 361200 , 5.60632
41 , 41836200 , 515300 , 366000 , 5.48226
42 , 42862300 , 522500 , 384800 , 5.41653
43 , 43903000 , 517200 , 408700 , 5.29111
44 , 44933200 , 516700 , 395500 , 5.24196
45 , 45912300 , 527900 , 392600 , 5.02077
46 , 47033100 , 530300 , 381800 , 4.95873
47 , 49730700 , 511600 , 2133700 , 4.76047
48 , 50766300 , 518000 , 396100 , 4.70831
49 , 51674500 , 502500 , 350700 , 4.51567
50 , 52608100 , 494100 , 333900 , 4.471
51 , 53551800 , 487500 , 346500 , 4.43793
52 , 54427000 , 479300 , 346900 , 4.26532
53 , 55328000 , 480600 , 351200 , 4.19041
54 , 56278500 , 478600 , 366100 , 4.16327
55 , 57213900 , 510800 , 368100 , 4.01114
56 , 58131800 , 495300 , 350700 , 3.94388
57 , 59048700 , 482800 , 344200 , 3.90715
58 , 59976800 , 479500 , 361900 , 3.8717
59 , 60881900 , 478500 , 358200 , 3.81572
60 , 61873300 , 486400 , 389300 , 3.78795
61 , 62833900 , 521200 , 376100 , 3.66667
62 , 64138500 , 511000 , 697600 , 3.63594
63 , 65260400 , 562500 , 452600 , 3.58416
64 , 66311800 , 522200 , 409600 , 3.56333
65 , 67237100 , 507400 , 362500 , 3.45862
66 , 68246500 , 522300 , 371000 , 3.44009
67 , 69149900 , 497600 , 352200 , 3.34329
68 , 70090800 , 489700 , 361600 , 3.31724
69 , 70881200 , 348400 , 358600 , 3.29225
70 , 71895000 , 516800 , 418300 , 3.24927
71 , 72887400 , 515100 , 375400 , 3.22464
72 , 73870500 , 510000 , 373400 , 3.20257
73 , 74832300 , 514900 , 366400 , 3.16176
74 , 75796100 , 506900 , 362900 , 3.13971
75 , 76755400 , 504900 , 360500 , 3.11732
76 , 77877200 , 500200 , 549600 , 3.08076
77 , 78919400 , 512100 , 406200 , 3.06661
78 , 81648300 , 512000 , 2158800 , 2.99328
79 , 82673700 , 525500 , 375000 , 2.97375
80 , 83624100 , 504900 , 351300 , 2.95411
81 , 84536300 , 494800 , 348400 , 2.92172
82 , 85476600 , 492100 , 359600 , 2.90236
83 , 86440700 , 520800 , 349200 , 2.88565
84 , 87361700 , 505600 , 345900 , 2.85353
85 , 88290900 , 497500 , 343600 , 2.83712
86 , 89186100 , 480900 , 344700 , 2.80729
87 , 90141700 , 503200 , 364700 , 2.79105
88 , 91069400 , 477000 , 361600 , 2.77458
89 , 91983300 , 477800 , 365800 , 2.74704
90 , 92941900 , 499200 , 362900 , 2.73107
91 , 93897600 , 498800 , 383600 , 2.70567
92 , 94854400 , 499400 , 360400 , 2.68964
93 , 96079000 , 552400 , 560600 , 2.67632
94 , 97133900 , 532400 , 401400 , 2.65044
95 , 98132700 , 516000 , 386500 , 2.63743
96 , 99104400 , 523900 , 370600 , 2.61302
97 , 100147500 , 518500 , 344700 , 2.6004
98 , 101083300 , 502400 , 364100 , 2.57747
99 , 102036900 , 486800 , 374700 , 2.56514
100 , 102995300 , 504500 , 378600 , 2.54369
101 , 103976800 , 491200 , 381700 , 2.53623
102 , 104891900 , 488000 , 356400 , 2.51477
103 , 105838300 , 489200 , 364700 , 2.50334
104 , 106765400 , 493300 , 365600 , 2.48357
105 , 107706000 , 489500 , 362000 , 2.47245
106 , 108720500 , 484000 , 462300 , 2.45379
107 , 109692600 , 482700 , 401800 , 2.44302
108 , 110679200 , 509100 , 402700 , 2.42542
109 , 111726900 , 500200 , 454300 , 2.41498
110 , 112730100 , 503300 , 397000 , 2.39839
111 , 113686500 , 502900 , 359200 , 2.38829
112 , 114548900 , 431300 , 363000 , 2.37263
113 , 115340500 , 351000 , 361400 , 2.36287
114 , 116152900 , 380100 , 371200 , 2.34808
115 , 117107600 , 495900 , 367400 , 2.33867
116 , 118026200 , 488500 , 361700 , 2.32467
117 , 118949100 , 478700 , 356900 , 2.31563
118 , 119875300 , 481200 , 377600 , 2.30236
119 , 120850000 , 484900 , 396900 , 2.29371
120 , 121793900 , 495400 , 374300 , 2.28111
121 , 122794700 , 517000 , 388300 , 2.27285
122 , 123739800 , 507100 , 367800 , 2.26086
123 , 124689500 , 499300 , 361100 , 2.25301
124 , 125606300 , 491700 , 356300 , 2.24158
125 , 126841400 , 482500 , 665500 , 2.23415
126 , 129001100 , 526600 , 1466400 , 2.22323
127 , 130145900 , 512700 , 529300 , 2.21622
128 , 131095700 , 512600 , 358900 , 2.20578
129 , 132100600 , 507000 , 399200 , 2.19918
130 , 133097700 , 507400 , 374500 , 2.18919
131 , 134031600 , 494900 , 342800 , 2.18299
132 , 135027400 , 494000 , 396400 , 2.17343
133 , 136037100 , 516900 , 375700 , 2.16761
134 , 136977200 , 502400 , 364300 , 2.15846
135 , 137920900 , 491600 , 361300 , 2.15301
136 , 138865800 , 499000 , 368900 , 2.14425
137 , 139839300 , 502900 , 373100 , 2.13915
138 , 140756600 , 353600 , 399800 , 2.13078
139 , 141736300 , 517700 , 381700 , 2.12256
140 , 142753200 , 528000 , 387900 , 2.11811
141 , 143707600 , 501600 , 378000 , 2.11008
142 , 144670600 , 506900 , 361100 , 2.10597
143 , 145592400 , 491600 , 359700 , 2.09829
144 , 146543800 , 497500 , 363700 , 2.09446
145 , 147492000 , 494600 , 382900 , 2.08714
146 , 148450500 , 489400 , 375300 , 2.08355
147 , 149371300 , 490000 , 359100 , 2.07658
148 , 150320400 , 492200 , 367600 , 2.07322
149 , 151248900 , 465300 , 392200 , 2.06659
150 , 152082400 , 370000 , 382800 , 2.06113
151 , 153024600 , 494200 , 351600 , 2.057
152 , 153935600 , 481600 , 357400 , 2.05176
153 , 154856400 , 477800 , 355500 , 2.04806
154 , 155777200 , 485300 , 363800 , 2.04295
155 , 156718600 , 483100 , 369600 , 2.0396
156 , 157928000 , 508200 , 627600 , 2.03465
157 , 158933600 , 505400 , 375900 , 2.0316
158 , 159871800 , 494200 , 390300 , 2.02274
159 , 160947200 , 525800 , 424900 , 2.02028
160 , 161962100 , 523500 , 416700 , 2.01581
161 , 162993400 , 527700 , 400400 , 2.01352
162 , 163963900 , 518200 , 379200 , 2.00899
163 , 164947800 , 503600 , 387000 , 2.00686
164 , 165906300 , 509700 , 376500 , 2.00257
165 , 166861400 , 502900 , 376200 , 1.99901
166 , 167823600 , 504200 , 364900 , 1.9964
167 , 168767000 , 503200 , 360400 , 1.993
168 , 169753100 , 498500 , 395600 , 1.99069
169 , 170758400 , 523600 , 403400 , 1.98737
170 , 171795400 , 513500 , 425800 , 1.98529
171 , 172730900 , 500200 , 379200 , 1.97925
172 , 175439300 , 487800 , 2109000 , 1.97765
173 , 176317900 , 366000 , 435400 , 1.97463
174 , 177184800 , 370900 , 411800 , 1.97312
175 , 177944500 , 343100 , 354400 , 1.97005
176 , 178696900 , 343000 , 348900 , 1.96757
177 , 179466800 , 340500 , 349000 , 1.96565
178 , 180382400 , 489600 , 365000 , 1.96328
179 , 181338500 , 499700 , 367900 , 1.96161
180 , 182303000 , 493300 , 399500 , 1.95928
181 , 183294500 , 492700 , 361200 , 1.95678
182 , 184227600 , 481200 , 361600 , 1.95556
183 , 185141400 , 479400 , 364800 , 1.95313
184 , 186118100 , 503900 , 377800 , 1.95202
185 , 187043000 , 491600 , 361900 , 1.94973
186 , 187953900 , 484500 , 357500 , 1.94797
187 , 188878800 , 479500 , 356900 , 1.94644
188 , 189947500 , 487300 , 508000 , 1.94475
189 , 190973700 , 508600 , 406100 , 1.94345
190 , 191905800 , 501900 , 351400 , 1.94177
191 , 192976700 , 514200 , 398500 , 1.94063
192 , 193919400 , 509700 , 380800 , 1.93752
193 , 194913300 , 506600 , 390300 , 1.9362
194 , 195885200 , 512400 , 382400 , 1.93484
195 , 196879200 , 513500 , 382900 , 1.93378
196 , 197838500 , 505900 , 380100 , 1.93242
197 , 198795400 , 506700 , 378100 , 1.93089
198 , 199790800 , 503200 , 400800 , 1.93019
199 , 200817300 , 532000 , 418200 , 1.9287
200 , 201817100 , 509300 , 391800 , 1.92806
201 , 202779700 , 501700 , 382700 , 1.92668
202 , 203707200 , 495000 , 360900 , 1.92562
203 , 204631700 , 487800 , 347100 , 1.9247
204 , 205540100 , 481500 , 358600 , 1.9237
205 , 206471800 , 481200 , 360300 , 1.92293
206 , 207358300 , 479500 , 358300 , 1.92106
207 , 208285000 , 472600 , 346800 , 1.9204
208 , 209186800 , 473500 , 360500 , 1.91943
209 , 210123500 , 482700 , 366100 , 1.91896
210 , 211059200 , 475800 , 389200 , 1.91793
211 , 211978800 , 476900 , 370900 , 1.91715
212 , 212954000 , 509900 , 370200 , 1.91646
213 , 213879400 , 496700 , 358300 , 1.91573
214 , 214827300 , 496300 , 358500 , 1.91515
215 , 215734100 , 498000 , 358900 , 1.91377
216 , 216693300 , 492600 , 357100 , 1.91328
217 , 217606500 , 488400 , 355600 , 1.91256
218 , 218534300 , 485800 , 353800 , 1.91222
219 , 219440500 , 479600 , 357400 , 1.91145
220 , 220358800 , 483100 , 366800 , 1.91088
221 , 221887900 , 401500 , 1040300 , 1.91036
222 , 223443500 , 526800 , 910200 , 1.90983
223 , 224494500 , 516800 , 406800 , 1.90914
224 , 225498000 , 522000 , 385400 , 1.90887
225 , 226464800 , 503500 , 378600 , 1.90821
226 , 227425300 , 502800 , 366900 , 1.90796
227 , 228353000 , 492600 , 364500 , 1.90736
228 , 229269900 , 489600 , 358000 , 1.90693
229 , 230261300 , 478300 , 424900 , 1.90651
230 , 231239400 , 503000 , 400000 , 1.90611
231 , 232256200 , 493100 , 388800 , 1.90556
232 , 233217900 , 498300 , 370900 , 1.90536
233 , 234130900 , 487000 , 356600 , 1.90485
234 , 235056200 , 480000 , 357700 , 1.90465
235 , 235954500 , 472800 , 357200 , 1.90419
236 , 237104500 , 477000 , 604600 , 1.90386
237 , 238152600 , 551000 , 395600 , 1.90352
238 , 239082600 , 501300 , 374400 , 1.90298
239 , 240078400 , 496800 , 386100 , 1.90265
240 , 241008200 , 484100 , 375700 , 1.90232
241 , 241831500 , 348400 , 391700 , 1.90218
242 , 242757900 , 495000 , 357100 , 1.9018
243 , 243692800 , 485700 , 379300 , 1.90158
244 , 244496900 , 356800 , 363600 , 1.90128
245 , 245443500 , 495300 , 377800 , 1.90107
246 , 246523500 , 488500 , 370000 , 1.90084
247 , 247413700 , 479900 , 360200 , 1.90042
248 , 248344100 , 484100 , 356800 , 1.90011
249 , 249269200 , 476000 , 380600 , 1.89995
250 , 250163400 , 424100 , 375600 , 1.89973
251 , 250904700 , 344500 , 352500 , 1.8994
252 , 251888700 , 488600 , 380200 , 1.89919
253 , 254559300 , 532400 , 2056100 , 1.89899
254 , 255609000 , 529300 , 418200 , 1.8989
255 , 256559100 , 508600 , 368600 , 1.89866
256 , 257489600 , 494800 , 365100 , 1.89852
257 , 258432700 , 492300 , 360800 , 1.89833
258 , 259324700 , 486300 , 356700 , 1.89811
259 , 260288000 , 479300 , 376800 , 1.89791
260 , 261252600 , 503700 , 385300 , 1.89776
261 , 262309100 , 491700 , 459800 , 1.8977
262 , 263223200 , 479500 , 362800 , 1.89751
263 , 264135000 , 477800 , 364900 , 1.89741
264 , 265061300 , 473100 , 364000 , 1.89725
265 , 265963200 , 471200 , 361900 , 1.89716
266 , 266892200 , 474200 , 366700 , 1.89703
267 , 268104000 , 481900 , 676700 , 1.89686
268 , 269093900 , 507600 , 384800 , 1.89668
269 , 270040900 , 494100 , 379900 , 1.89662
270 , 270844100 , 350800 , 368800 , 1.8965
271 , 271814200 , 505700 , 407000 , 1.89636
272 , 272799900 , 518600 , 370200 , 1.8962
273 , 273724900 , 491800 , 363400 , 1.89616
274 , 274660800 , 488200 , 358700 , 1.89605
275 , 275550100 , 481300 , 359200 , 1.89594
276 , 276503400 , 484300 , 360800 , 1.89583
277 , 277426500 , 486700 , 367600 , 1.89575
278 , 278398200 , 482200 , 400600 , 1.89572
279 , 279353300 , 508500 , 369800 , 1.89562
280 , 280357400 , 496800 , 369900 , 1.89557
281 , 281303700 , 485500 , 369800 , 1.89548
282 , 282230100 , 496100 , 380200 , 1.89541
283 , 283211700 , 500100 , 365100 , 1.89531
284 , 285846800 , 489300 , 2051500 , 1.89525
285 , 286861600 , 498900 , 411300 , 1.89523
286 , 287817700 , 505400 , 370100 , 1.89515
287 , 288742400 , 495500 , 357900 , 1.89512
288 , 289702600 , 486200 , 385100 , 1.89504
289 , 290599600 , 497700 , 344800 , 1.895
290 , 291619300 , 495300 , 393000 , 1.8949
291 , 292604500 , 526100 , 383200 , 1.89486
292 , 293552900 , 507500 , 345700 , 1.89485
293 , 294553900 , 508800 , 353700 , 1.89479
294 , 295748000 , 511100 , 584700 , 1.89477
295 , 296716600 , 512500 , 356000 , 1.8947
296 , 297773300 , 497800 , 486700 , 1.89469
297 , 298737200 , 507300 , 361100 , 1.89464
298 , 299623800 , 494100 , 343200 , 1.8946
299 , 300698600 , 520900 , 389700 , 1.89452
300 , 301648900 , 498000 , 378500 , 1.89452
301 , 302604600 , 487900 , 375700 , 1.89447
302 , 303496700 , 480700 , 361700 , 1.89445
303 , 304436300 , 485700 , 364700 , 1.89438
304 , 305345300 , 476600 , 363300 , 1.89438
305 , 306272500 , 473300 , 364700 , 1.89433
306 , 307159200 , 471400 , 366300 , 1.89432
307 , 308091200 , 479800 , 363100 , 1.89425
308 , 308996600 , 472800 , 363300 , 1.89426
309 , 309978200 , 477800 , 413900 , 1.89422
310 , 310796700 , 377300 , 395100 , 1.89421
311 , 311758300 , 494800 , 373200 , 1.89415
312 , 312730900 , 488000 , 393700 , 1.89415
313 , 313672900 , 488300 , 361300 , 1.89412
314 , 314563100 , 477400 , 363800 , 1.89412
315 , 317442200 , 481900 , 2307000 , 1.89406
316 , 318468400 , 529900 , 383100 , 1.89407
317 , 319566000 , 508600 , 453000 , 1.89404
318 , 320513400 , 504400 , 388000 , 1.89404
319 , 321510900 , 513200 , 388200 , 1.89399
320 , 322444400 , 501200 , 355100 , 1.894
321 , 323385800 , 501700 , 344100 , 1.89397
322 , 324303900 , 488700 , 374800 , 1.89397
323 , 325270700 , 493800 , 376300 , 1.89393
324 , 326206800 , 496100 , 365000 , 1.89394
325 , 327165500 , 490000 , 373300 , 1.89391
326 , 328069600 , 497600 , 351000 , 1.89392
327 , 329092400 , 501400 , 385000 , 1.89388
328 , 330093300 , 499600 , 366600 , 1.89389
329 , 331074100 , 496000 , 387200 , 1.89386
330 , 332043800 , 512400 , 403700 , 1.89387
331 , 333093600 , 509800 , 392200 , 1.89383
332 , 334076900 , 500000 , 405700 , 1.89384
333 , 335046700 , 503800 , 369400 , 1.89382
334 , 335945800 , 489400 , 359400 , 1.89383
335 , 336868000 , 485300 , 347900 , 1.8938
336 , 337804500 , 490100 , 372800 , 1.89381
337 , 338755600 , 490000 , 368700 , 1.89379
338 , 339645700 , 487500 , 352800 , 1.8938
339 , 340667100 , 488800 , 407000 , 1.89377
340 , 341617400 , 505500 , 368700 , 1.89377
341 , 342553500 , 494700 , 365900 , 1.89378
342 , 343551300 , 491300 , 379500 , 1.89376
343 , 344552600 , 485800 , 379000 , 1.89376
344 , 345553700 , 515500 , 388000 , 1.89376
345 , 346541200 , 518100 , 394700 , 1.89375
346 , 349066000 , 373300 , 2082800 , 1.89375
347 , 350066200 , 503000 , 398800 , 1.89374
348 , 351108900 , 493800 , 493200 , 1.89375
349 , 351947000 , 354500 , 377600 , 1.89372
350 , 352913200 , 500600 , 388200 , 1.89372
351 , 353913400 , 523100 , 377200 , 1.89373
352 , 354898000 , 515600 , 392100 , 1.89372
353 , 355868100 , 508300 , 388000 , 1.89372
354 , 356847700 , 506000 , 378800 , 1.89371
355 , 357776300 , 501000 , 376600 , 1.89372
356 , 358620300 , 369300 , 360600 , 1.8937
357 , 359399900 , 360900 , 353400 , 1.8937
358 , 360296400 , 419400 , 393500 , 1.8937
359 , 361256700 , 512100 , 369000 , 1.8937
360 , 362184400 , 491900 , 365100 , 1.8937
361 , 363160600 , 508100 , 372400 , 1.89369
362 , 364133400 , 496600 , 419700 , 1.8937
363 , 365202300 , 501400 , 372800 , 1.89368
364 , 366126100 , 493600 , 358600 , 1.89368
365 , 367061600 , 486700 , 358400 , 1.89369
366 , 367973300 , 482200 , 360300 , 1.89368
367 , 368884800 , 481700 , 360100 , 1.89369
368 , 369862200 , 488800 , 395000 , 1.89368
369 , 370842000 , 501100 , 422300 , 1.89369
370 , 371857400 , 509800 , 385700 , 1.89367
371 , 372821700 , 509100 , 377200 , 1.89367
372 , 373783200 , 504500 , 365500 , 1.89368
373 , 374724900 , 499100 , 370400 , 1.89367
374 , 375670400 , 508000 , 362600 , 1.89368
375 , 376637400 , 494900 , 383600 , 1.89367
376 , 377554800 , 489500 , 360200 , 1.89367
377 , 378537200 , 491500 , 361900 , 1.89367
378 , 380901300 , 500500 , 1776200 , 1.89367
379 , 381877200 , 507500 , 384600 , 1.89367
380 , 382876400 , 513500 , 402400 , 1.89367
381 , 383859600 , 513800 , 371100 , 1.89366
382 , 384817500 , 509200 , 375300 , 1.89367
383 , 385780700 , 503000 , 367600 , 1.89366
384 , 386697100 , 499500 , 364800 , 1.89367
385 , 387651500 , 497700 , 364200 , 1.89366
386 , 388576400 , 489500 , 363300 , 1.89367
387 , 389520800 , 490200 , 362900 , 1.89366
388 , 390337900 , 397300 , 368800 , 1.89367
389 , 391180300 , 382800 , 374300 , 1.89366
390 , 392126800 , 496400 , 377700 , 1.89366
391 , 393118000 , 512400 , 380700 , 1.89366
392 , 394038300 , 498100 , 371900 , 1.89367
393 , 395051400 , 484800 , 439700 , 1.89366
394 , 395992100 , 502400 , 362800 , 1.89366
395 , 396935500 , 492700 , 360600 , 1.89366
396 , 397842400 , 490200 , 362500 , 1.89366
397 , 398821100 , 503000 , 384900 , 1.89365
398 , 399831000 , 528500 , 402600 , 1.89366
399 , 400830300 , 509100 , 392000 , 1.89365
400 , 401775200 , 499000 , 391900 , 1.89366
401 , 402780600 , 516100 , 391600 , 1.89365
402 , 403727000 , 500500 , 373300 , 1.89366
403 , 404680000 , 494400 , 368400 , 1.89365
404 , 405585000 , 490400 , 364700 , 1.89366
405 , 406533700 , 490600 , 369500 , 1.89365
406 , 407454300 , 489900 , 360700 , 1.89366
407 , 408426700 , 486500 , 396500 , 1.89365
408 , 409182900 , 355400 , 355700 , 1.89366
409 , 409976500 , 346200 , 366700 , 1.89365
410 , 411466800 , 417500 , 1007700 , 1.89366
411 , 412744800 , 577100 , 564700 , 1.89365
412 , 413937600 , 513700 , 546000 , 1.89366
413 , 414904300 , 498300 , 374800 , 1.89365
414 , 415852700 , 505800 , 365200 , 1.89366
415 , 416809800 , 501600 , 363700 , 1.89366
416 , 417720600 , 497800 , 362000 , 1.89366
417 , 418668500 , 495400 , 361900 , 1.89366
418 , 419604900 , 493700 , 372700 , 1.89366
419 , 420566800 , 499600 , 372400 , 1.89366
420 , 421492700 , 493400 , 370300 , 1.89366
421 , 422459300 , 489400 , 386100 , 1.89366
422 , 423249400 , 361600 , 363100 , 1.89366
423 , 424049200 , 358300 , 360100 , 1.89366
424 , 424790200 , 345000 , 354100 , 1.89366
425 , 425576000 , 351100 , 353200 , 1.89366
426 , 426552000 , 344400 , 568200 , 1.89366
427 , 427588800 , 520800 , 421300 , 1.89366
428 , 428591600 , 522300 , 383700 , 1.89366
429 , 429619400 , 513100 , 440200 , 1.89366
430 , 430604900 , 520600 , 386300 , 1.89366
431 , 431627200 , 520800 , 386900 , 1.89366
432 , 432628500 , 521300 , 407000 , 1.89366
433 , 433613400 , 523200 , 365300 , 1.89366
434 , 434529900 , 506800 , 359300 , 1.89366
435 , 435478200 , 497700 , 361500 , 1.89366
436 , 436396200 , 489300 , 359800 , 1.89366
437 , 437362200 , 484800 , 392500 , 1.89366
438 , 438256800 , 481000 , 363500 , 1.89366
439 , 439185200 , 481900 , 358000 , 1.89366
440 , 440107200 , 480000 , 373800 , 1.89366
441 , 441087700 , 478800 , 414400 , 1.89366
442 , 442730500 , 502100 , 1084100 , 1.89366
443 , 444057200 , 522000 , 662700 , 1.89366
444 , 445057500 , 503300 , 418600 , 1.89366
445 , 446025700 , 504900 , 368100 , 1.89366
446 , 446936400 , 492400 , 367000 , 1.89366
447 , 447891400 , 497800 , 362000 , 1.89366
448 , 448833200 , 499500 , 367700 , 1.89366
449 , 449848900 , 497400 , 428000 , 1.89366
450 , 450860800 , 524000 , 428400 , 1.89367
451 , 451849300 , 520500 , 369200 , 1.89366
452 , 452839800 , 520800 , 392400 , 1.89366
453 , 453850100 , 509900 , 406900 , 1.89366
454 , 454629300 , 365700 , 365500 , 1.89367
455 , 455460200 , 358500 , 387600 , 1.89366
456 , 456400400 , 499600 , 363900 , 1.89367
457 , 457339200 , 490900 , 356000 , 1.89366
458 , 458296700 , 500100 , 407100 , 1.89367
459 , 459264800 , 490100 , 382200 , 1.89366
460 , 460148600 , 448100 , 364500 , 1.89367
461 , 460963700 , 364700 , 369600 , 1.89366
462 , 461872100 , 486600 , 371100 , 1.89367
463 , 462851200 , 499800 , 374600 , 1.89366
464 , 463769000 , 500400 , 365000 , 1.89367
465 , 464734100 , 491200 , 362600 , 1.89367
466 , 465657800 , 492800 , 361400 , 1.89367
467 , 466593300 , 487500 , 359100 , 1.89367
468 , 467521600 , 486600 , 373600 , 1.89367
469 , 468490400 , 519400 , 372700 , 1.89367
470 , 469477400 , 506500 , 363700 , 1.89367
471 , 470407900 , 505500 , 373500 , 1.89367
472 , 471412200 , 508200 , 385200 , 1.89367
473 , 472357200 , 493500 , 379000 , 1.89367
474 , 473339700 , 511300 , 371400 , 1.89367
475 , 475688600 , 495400 , 1782700 , 1.89367
476 , 476666200 , 512300 , 387600 , 1.89367
477 , 477500000 , 377200 , 368500 , 1.89367
478 , 478345400 , 431000 , 370400 , 1.89367
479 , 479310400 , 493400 , 360700 , 1.89367
480 , 480253100 , 492200 , 382600 , 1.89367
481 , 481237700 , 490600 , 402900 , 1.89367
482 , 482229000 , 513900 , 402000 , 1.89367
483 , 483177400 , 497200 , 374900 , 1.89367
484 , 484118800 , 489200 , 362500 , 1.89367
485 , 485009000 , 483800 , 357400 , 1.89367
486 , 485981200 , 484300 , 381500 , 1.89367
487 , 486901300 , 483100 , 366400 , 1.89367
488 , 487853900 , 491700 , 368100 , 1.89367
489 , 488790400 , 497400 , 370100 , 1.89367
490 , 490009600 , 494900 , 653900 , 1.89367
491 , 491087300 , 517400 , 458600 , 1.89367
492 , 492075700 , 514200 , 417300 , 1.89367
493 , 493090400 , 514300 , 383100 , 1.89367
494 , 494034100 , 497800 , 372600 , 1.89367
495 , 495000300 , 492800 , 381900 , 1.89367
496 , 496014700 , 502300 , 432800 , 1.89367
497 , 496970400 , 500800 , 381200 , 1.89367
498 , 498027500 , 498700 , 464400 , 1.89367
499 , 498968700 , 504000 , 383800 , 1.89367
500 , 499973500 , 501000 , 388100 , 1.89367
501 , 500942500 , 502000 , 393900 , 1.89367
502 , 501816400 , 379100 , 401700 , 1.89367
503 , 502772500 , 508400 , 389900 , 1.89367
504 , 503760500 , 500900 , 373400 , 1.89367
505 , 504688500 , 491000 , 366500 , 1.89367
506 , 507363900 , 486100 , 2099900 , 1.89367
507 , 508149900 , 364900 , 370400 , 1.89367
508 , 508964100 , 352200 , 358300 , 1.89367
509 , 509794200 , 349000 , 418800 , 1.89367
510 , 510828400 , 515000 , 391600 , 1.89367
511 , 511864400 , 498900 , 375900 , 1.89367
512 , 512851700 , 499800 , 391000 , 1.89367
513 , 513801800 , 493100 , 381100 , 1.89367
514 , 514626300 , 354400 , 363200 , 1.89367
515 , 515395800 , 350500 , 357400 , 1.89367
516 , 516291800 , 342600 , 492200 , 1.89367
517 , 517287200 , 498000 , 379400 , 1.89367
518 , 518211500 , 494700 , 357500 , 1.89367
519 , 519137200 , 480800 , 377100 , 1.89367
520 , 520081500 , 479600 , 374200 , 1.89367
521 , 520997700 , 475900 , 371200 , 1.89367
522 , 521952900 , 496200 , 368100 , 1.89367
523 , 522959800 , 529800 , 390700 , 1.89367
524 , 524046100 , 505700 , 485600 , 1.89367
525 , 524990200 , 509800 , 382000 , 1.89367
526 , 525973000 , 496400 , 374500 , 1.89367
527 , 526901700 , 490200 , 367500 , 1.89367
528 , 527927000 , 493000 , 378100 , 1.89367
529 , 528939600 , 499000 , 376200 , 1.89367
530 , 529947900 , 501600 , 431000 , 1.89367
531 , 530981300 , 529300 , 404000 , 1.89367
532 , 531981400 , 537500 , 406300 , 1.89367
533 , 533027900 , 526200 , 397900 , 1.89367
534 , 533988600 , 512300 , 375900 , 1.89367
535 , 534960100 , 495100 , 386100 , 1.89367
536 , 535884600 , 499100 , 373100 , 1.89367
537 , 538808200 , 496100 , 2312200 , 1.89367
538 , 539816800 , 520500 , 406100 , 1.89367
539 , 540819700 , 502000 , 402700 , 1.89367
540 , 541738400 , 493900 , 371700 , 1.89367
541 , 542711800 , 487100 , 372400 , 1.89367
542 , 543628400 , 481300 , 365600 , 1.89367
543 , 544600500 , 502200 , 376100 , 1.89367
544 , 545542400 , 508600 , 377500 , 1.89367
545 , 546565400 , 499400 , 367700 , 1.89367
546 , 547477900 , 486200 , 357600 , 1.89367
547 , 548403300 , 482900 , 355500 , 1.89367
548 , 549288900 , 479400 , 357900 , 1.89367
549 , 550221700 , 477100 , 370300 , 1.89367
550 , 551138800 , 478600 , 368300 , 1.89367
551 , 552057500 , 477500 , 369700 , 1.89367
552 , 553051000 , 496600 , 381200 , 1.89367
553 , 553970400 , 482300 , 363900 , 1.89367
554 , 554878200 , 481900 , 356800 , 1.89367
555 , 555809800 , 478300 , 360500 , 1.89367
556 , 556704300 , 481400 , 363800 , 1.89368
557 , 557653700 , 480200 , 359700 , 1.89367
558 , 558558200 , 474500 , 360500 , 1.89367
559 , 559484700 , 477500 , 360300 , 1.89367
560 , 560412000 , 479400 , 398400 , 1.89367
561 , 561421800 , 517400 , 374100 , 1.89367
562 , 562368700 , 499100 , 376300 , 1.89367
563 , 563325600 , 482600 , 360800 , 1.89367
564 , 564213500 , 477800 , 360900 , 1.89368
565 , 565163200 , 475900 , 365800 , 1.89367
566 , 566082800 , 478700 , 372500 , 1.89367
567 , 567006500 , 474500 , 361200 , 1.89367
568 , 569608300 , 474300 , 2079200 , 1.89367
569 , 570759800 , 517800 , 481700 , 1.89367
570 , 571696100 , 510400 , 367800 , 1.89368
571 , 572686900 , 498000 , 372100 , 1.89367
572 , 573626000 , 486400 , 381000 , 1.89367
573 , 574559200 , 483700 , 359000 , 1.89368
574 , 575444200 , 479600 , 356300 , 1.89367
575 , 576385100 , 479300 , 353900 , 1.89368
576 , 577287800 , 471000 , 361800 , 1.89368
577 , 578206300 , 472000 , 359300 , 1.89367
578 , 579084800 , 475700 , 354500 , 1.89368
579 , 580043400 , 473300 , 380400 , 1.89367
580 , 580988500 , 480400 , 391200 , 1.89367
581 , 581772600 , 344700 , 356900 , 1.89368
582 , 582715100 , 497800 , 390900 , 1.89367
583 , 583704900 , 511800 , 362300 , 1.89368
584 , 584628300 , 498900 , 375000 , 1.89368
585 , 585602900 , 501800 , 361000 , 1.89367
586 , 586521500 , 488900 , 360300 , 1.89367
587 , 587462700 , 484100 , 367200 , 1.89368
588 , 588360500 , 487100 , 358500 , 1.89367
589 , 589303100 , 474400 , 358700 , 1.89368
590 , 590198400 , 459200 , 367000 , 1.89368
591 , 590999500 , 347800 , 369500 , 1.89367
592 , 591945900 , 491700 , 400400 , 1.89368
593 , 592954300 , 498900 , 388600 , 1.89368
594 , 593969900 , 504000 , 437900 , 1.89368
595 , 594989500 , 501800 , 425600 , 1.89368
596 , 595924200 , 504600 , 378300 , 1.89368
597 , 596929000 , 506500 , 380100 , 1.89368
598 , 597873700 , 505300 , 383800 , 1.89368
599 , 598874100 , 502400 , 377700 , 1.89368
600 , 601450100 , 499000 , 2004900 , 1.89368
601 , 602466600 , 519100 , 391100 , 1.89368
602 , 603482000 , 499600 , 367600 , 1.89368
603 , 604449400 , 496500 , 361300 , 1.89368
604 , 605359600 , 487200 , 354200 , 1.89368
605 , 606275800 , 470600 , 359200 , 1.89368
606 , 607215000 , 465900 , 425600 , 1.89368
607 , 608150200 , 467700 , 355600 , 1.89368
608 , 609042100 , 468100 , 356800 , 1.89368
609 , 609964000 , 468400 , 367100 , 1.89368
610 , 610877600 , 480100 , 382400 , 1.89368
611 , 611838000 , 487600 , 376700 , 1.89368
612 , 612814500 , 515700 , 382200 , 1.89368
613 , 613848900 , 504700 , 375400 , 1.89368
614 , 614751400 , 493100 , 358200 , 1.89368
615 , 615711300 , 493600 , 376600 , 1.89368
616 , 616606400 , 484100 , 358900 , 1.89368
617 , 617561000 , 486100 , 359600 , 1.89368
618 , 618485400 , 481700 , 373400 , 1.89368
619 , 619411300 , 479400 , 357600 , 1.89368
620 , 620309700 , 476100 , 373900 , 1.89368
621 , 621260900 , 475600 , 366600 , 1.89368
622 , 622187200 , 475000 , 382800 , 1.89368
623 , 623121400 , 471900 , 370500 , 1.89368
624 , 624003000 , 472100 , 360800 , 1.89368
625 , 624941600 , 471700 , 359600 , 1.89368
626 , 625837000 , 476700 , 365200 , 1.89368
627 , 626805300 , 484000 , 376300 , 1.89368
628 , 627768400 , 482000 , 409200 , 1.89368
629 , 628746200 , 516700 , 365600 , 1.89368
630 , 629677300 , 501500 , 379800 , 1.89368
631 , 630650400 , 493300 , 365000 , 1.89368
632 , 633000000 , 502200 , 1772300 , 1.89368
633 , 634005700 , 502700 , 402100 , 1.89368
634 , 634778000 , 358400 , 366300 , 1.89368
635 , 635600400 , 358100 , 361700 , 1.89368
636 , 636379800 , 350900 , 365800 , 1.89368
637 , 637182100 , 348700 , 370800 , 1.89368
638 , 638116200 , 490400 , 385200 , 1.89368
639 , 639074200 , 485700 , 360900 , 1.89368
640 , 639987400 , 483400 , 380300 , 1.89368
641 , 640945600 , 475400 , 374300 , 1.89368
642 , 641959500 , 526500 , 408300 , 1.89368
643 , 642982700 , 528400 , 392900 , 1.89368
644 , 643935000 , 523100 , 376900 , 1.89368
645 , 644948500 , 517400 , 377500 , 1.89368
646 , 645944100 , 524200 , 394700 , 1.89368
647 , 646940300 , 511500 , 386500 , 1.89368
648 , 647986600 , 529000 , 461000 , 1.89368
649 , 649070400 , 537400 , 420300 , 1.89368
650 , 650093800 , 522600 , 424700 , 1.89368
651 , 651185400 , 535300 , 424300 , 1.89368
652 , 652186600 , 524200 , 413600 , 1.89368
653 , 653200400 , 513300 , 380700 , 1.89368
654 , 654119300 , 500600 , 367300 , 1.89368
655 , 655080500 , 491400 , 360700 , 1.89368
656 , 656013400 , 482300 , 357900 , 1.89368
657 , 656941100 , 480800 , 357100 , 1.89368
658 , 657854300 , 492000 , 367800 , 1.89368
659 , 658844700 , 487000 , 389100 , 1.89368
660 , 659851300 , 516600 , 414900 , 1.89368
661 , 660973100 , 614500 , 410600 , 1.89368
662 , 662374100 , 648400 , 698300 , 1.89368
663 , 663628600 , 536400 , 474000 , 1.89368
664 , 664614200 , 524600 , 380000 , 1.89368
665 , 665580000 , 505900 , 367600 , 1.89368
666 , 666496700 , 496300 , 370400 , 1.89368
667 , 667450300 , 488100 , 357800 , 1.89368
668 , 668419000 , 484200 , 374200 , 1.89368
669 , 669504700 , 482300 , 365400 , 1.89368
670 , 670292200 , 345700 , 373100 , 1.89368
671 , 671151200 , 392600 , 383800 , 1.89368
672 , 672089900 , 477900 , 408600 , 1.89368
673 , 673067400 , 492700 , 371500 , 1.89368
674 , 673994300 , 479500 , 376300 , 1.89368
675 , 674927700 , 477200 , 363900 , 1.89368
676 , 675831200 , 483400 , 366000 , 1.89368
677 , 676794500 , 487300 , 366100 , 1.89368
678 , 677975500 , 482600 , 628900 , 1.89368
679 , 679063400 , 559800 , 394800 , 1.89368
680 , 680005100 , 505100 , 382800 , 1.89368
681 , 680983600 , 495500 , 388700 , 1.89368
682 , 681924400 , 499500 , 369800 , 1.89368
683 , 682940200 , 525400 , 384300 , 1.89368
684 , 683884200 , 514700 , 372600 , 1.89368
685 , 684860100 , 509400 , 373700 , 1.89368
686 , 685798300 , 504300 , 381700 , 1.89368
687 , 686798900 , 509900 , 373800 , 1.89368
688 , 687737300 , 497400 , 369800 , 1.89368
689 , 688680600 , 489800 , 364300 , 1.89368
690 , 689574300 , 484100 , 359800 , 1.89368
691 , 690604700 , 516600 , 384400 , 1.89368
692 , 691437700 , 380700 , 377300 , 1.89368
693 , 692311600 , 414900 , 373400 , 1.89368
694 , 693238900 , 494800 , 376400 , 1.89368
695 , 695848300 , 492700 , 2006400 , 1.89368
696 , 696796800 , 513500 , 377800 , 1.89368
697 , 697782000 , 507400 , 365200 , 1.89368
698 , 698785800 , 499600 , 391300 , 1.89368
699 , 699796600 , 504300 , 386200 , 1.89368
700 , 700737200 , 502200 , 384800 , 1.89368
701 , 701735700 , 501800 , 383500 , 1.89368
702 , 702674800 , 492600 , 372100 , 1.89368
703 , 703614900 , 487600 , 362900 , 1.89368
704 , 704522200 , 485500 , 372400 , 1.89368
705 , 705486600 , 492200 , 360000 , 1.89368
706 , 706400600 , 487900 , 357500 , 1.89368
707 , 707331800 , 480800 , 361900 , 1.89368
708 , 708252100 , 476300 , 395400 , 1.89368
709 , 709062300 , 345200 , 359600 , 1.89368
710 , 710071500 , 341800 , 625300 , 1.89368
711 , 711236300 , 508600 , 540700 , 1.89368
712 , 712181000 , 511100 , 342900 , 1.89368
713 , 713283500 , 496300 , 378700 , 1.89368
714 , 714189500 , 494900 , 359100 , 1.89368
715 , 715145200 , 487800 , 359200 , 1.89368
716 , 716080300 , 484000 , 382100 , 1.89368
717 , 717037000 , 497000 , 366500 , 1.89368
718 , 717979600 , 508000 , 378400 , 1.89368
719 , 718954000 , 501600 , 363400 , 1.89368
720 , 719915300 , 498500 , 388300 , 1.89368
721 , 720896600 , 502900 , 384100 , 1.89368
722 , 721848400 , 508700 , 388600 , 1.89368
723 , 722882200 , 525900 , 390200 , 1.89368
724 , 723823200 , 513100 , 373700 , 1.89368
725 , 724812000 , 505900 , 369500 , 1.89368
726 , 727480700 , 524900 , 2072700 , 1.89368
727 , 728481000 , 520400 , 382200 , 1.89368
728 , 729451100 , 513300 , 401000 , 1.89368
729 , 730586000 , 502600 , 466800 , 1.89368
730 , 731571800 , 509700 , 375600 , 1.89368
731 , 732587900 , 507100 , 415200 , 1.89368
732 , 733502500 , 507300 , 351700 , 1.89368
733 , 734505700 , 509800 , 380400 , 1.89368
734 , 735564200 , 516100 , 440400 , 1.89368
735 , 736506400 , 489800 , 360700 , 1.89368
736 , 737412800 , 489000 , 368300 , 1.89368
737 , 738467200 , 484100 , 460300 , 1.89368
738 , 739395800 , 505400 , 370500 , 1.89368
739 , 740425500 , 513800 , 406800 , 1.89368
740 , 741365600 , 495100 , 369600 , 1.89368
741 , 742347900 , 487400 , 405600 , 1.89368
742 , 743294800 , 505200 , 385700 , 1.89368
743 , 744268400 , 496400 , 365900 , 1.89368
744 , 745240100 , 502200 , 400600 , 1.89368
745 , 746072400 , 378500 , 368000 , 1.89368
746 , 746906200 , 417800 , 373700 , 1.89368
747 , 747893600 , 504700 , 370200 , 1.89368
748 , 748863400 , 503100 , 393200 , 1.89368
749 , 749937200 , 520000 , 398700 , 1.89368
750 , 750882500 , 513200 , 376200 , 1.89368
751 , 751875000 , 529200 , 366300 , 1.89368
752 , 752855200 , 523000 , 398600 , 1.89368
753 , 753854000 , 509500 , 374800 , 1.89368
754 , 754796900 , 499500 , 371900 , 1.89368
755 , 755764000 , 498400 , 378300 , 1.89368
756 , 756669300 , 493400 , 361100 , 1.89368
757 , 759197700 , 500300 , 1919700 , 1.89368
758 , 760183500 , 508300 , 397900 , 1.89368
759 , 761152800 , 404800 , 394600 , 1.89368
760 , 762080200 , 492900 , 381900 , 1.89368
761 , 763053600 , 489600 , 368800 , 1.89368
762 , 763961700 , 482600 , 357900 , 1.89368
763 , 764893500 , 482200 , 361600 , 1.89368
764 , 765961700 , 516700 , 496000 , 1.89368
765 , 766946600 , 501900 , 368700 , 1.89368
766 , 767879300 , 499400 , 377700 , 1.89368
767 , 768902900 , 497400 , 412600 , 1.89368
768 , 769860500 , 497600 , 386500 , 1.89368
769 , 770722900 , 364600 , 409900 , 1.89368
770 , 771657000 , 505500 , 370500 , 1.89368
771 , 772653800 , 491000 , 377200 , 1.89368
772 , 773662900 , 485500 , 453800 , 1.89368
773 , 774646400 , 512100 , 374200 , 1.89368
774 , 775545300 , 493800 , 354500 , 1.89368
775 , 776494600 , 485400 , 356000 , 1.89368
776 , 777384100 , 459300 , 360800 , 1.89368
777 , 778163900 , 340800 , 359300 , 1.89368
778 , 778900900 , 340700 , 355100 , 1.89368
779 , 779737900 , 345900 , 386300 , 1.89368
780 , 780700900 , 505400 , 400800 , 1.89368
781 , 781680400 , 496000 , 369400 , 1.89368
782 , 782632200 , 494400 , 382200 , 1.89368
783 , 783638200 , 490300 , 364700 , 1.89368
784 , 784547300 , 486400 , 372900 , 1.89368
785 , 785507700 , 485200 , 365800 , 1.89368
786 , 786423400 , 484600 , 361900 , 1.89368
787 , 787355400 , 481800 , 361400 , 1.89368
788 , 788250300 , 477300 , 368600 , 1.89368
789 , 790548300 , 482200 , 1707000 , 1.89368
790 , 791483500 , 500900 , 375400 , 1.89368
791 , 792587000 , 500000 , 393000 , 1.89368
792 , 793543300 , 511900 , 368700 , 1.89368
793 , 794592600 , 502800 , 368200 , 1.89368
794 , 795535000 , 511600 , 379800 , 1.89368
795 , 796504300 , 500600 , 360400 , 1.89368
796 , 797422500 , 493400 , 356200 , 1.89368
797 , 798344600 , 480300 , 355700 , 1.89368
798 , 799231900 , 482000 , 356500 , 1.89368
799 , 800193600 , 479300 , 377700 , 1.89368
800 , 801141000 , 481500 , 395800 , 1.89368
801 , 802101400 , 479300 , 391000 , 1.89368
802 , 802999700 , 483300 , 362300 , 1.89368
803 , 803955700 , 482100 , 364500 , 1.89368
804 , 805057900 , 483300 , 565600 , 1.89368
805 , 806062800 , 513300 , 375900 , 1.89368
806 , 806994200 , 495500 , 367000 , 1.89368
807 , 807932300 , 483200 , 365100 , 1.89368
808 , 808850600 , 490800 , 374500 , 1.89368
809 , 809873100 , 489900 , 422300 , 1.89368
810 , 811046700 , 500100 , 598400 , 1.89368
811 , 812040500 , 514600 , 380900 , 1.89368
812 , 812983500 , 504700 , 383100 , 1.89368
813 , 814005400 , 500500 , 370900 , 1.89368
814 , 814932400 , 491200 , 365300 , 1.89368
815 , 815886000 , 492900 , 367400 , 1.89368
816 , 816807700 , 500500 , 371200 , 1.89368
817 , 817785100 , 498900 , 367400 , 1.89368
818 , 818691500 , 492000 , 364100 , 1.89368
819 , 819648600 , 488700 , 360800 , 1.89368
820 , 821886300 , 531900 , 1607400 , 1.89368
821 , 822930300 , 518600 , 383000 , 1.89368
822 , 823890400 , 511600 , 391600 , 1.89368
823 , 824908200 , 526200 , 373300 , 1.89368
824 , 825891000 , 523800 , 384300 , 1.89368
825 , 826881900 , 508500 , 386700 , 1.89368
826 , 827919900 , 507500 , 398100 , 1.89368
827 , 828955200 , 532600 , 379700 , 1.89368
828 , 829963100 , 524200 , 406600 , 1.89368
829 , 831010100 , 530900 , 411000 , 1.89368
830 , 831978200 , 518800 , 395400 , 1.89368
831 , 833066800 , 532000 , 399600 , 1.89368
832 , 834023600 , 515300 , 387500 , 1.89368
833 , 835024300 , 503800 , 386800 , 1.89368
834 , 836013500 , 511900 , 406900 , 1.89368
835 , 837038700 , 534000 , 381100 , 1.89368
836 , 837981200 , 502700 , 386400 , 1.89368
837 , 838993500 , 519300 , 375900 , 1.89368
838 , 839987100 , 509300 , 412000 , 1.89368
839 , 840988100 , 516900 , 386000 , 1.89368
840 , 841954600 , 508200 , 405200 , 1.89368
841 , 842992600 , 513600 , 400900 , 1.89368
842 , 844035300 , 519600 , 392600 , 1.89368
843 , 845011300 , 505900 , 376500 , 1.89368
844 , 845923900 , 497300 , 364400 , 1.89368
845 , 846906200 , 499700 , 386700 , 1.89368
846 , 847847300 , 503400 , 386200 , 1.89368
847 , 848823200 , 495800 , 367500 , 1.89368
848 , 849761900 , 496000 , 371500 , 1.89368
849 , 850607900 , 387200 , 368200 , 1.89368
850 , 853002300 , 387900 , 1946400 , 1.89368
851 , 854153700 , 501800 , 531100 , 1.89368
852 , 855085900 , 493200 , 368300 , 1.89368
853 , 856035100 , 483800 , 376200 , 1.89368
854 , 856916400 , 475100 , 355600 , 1.89368
855 , 857882500 , 487400 , 366700 , 1.89368
856 , 858816100 , 496400 , 367800 , 1.89368
857 , 859762600 , 489500 , 366000 , 1.89368
858 , 860692300 , 484400 , 395300 , 1.89368
859 , 861711000 , 513400 , 385400 , 1.89368
860 , 862658400 , 503300 , 383500 , 1.89368
861 , 863468300 , 348500 , 354800 , 1.89368
862 , 864223100 , 338200 , 355200 , 1.89368
863 , 864987000 , 334900 , 348700 , 1.89368
864 , 865713800 , 332300 , 353400 , 1.89368
865 , 866680800 , 336600 , 530600 , 1.89368
866 , 867674600 , 494800 , 392400 , 1.89368
867 , 868639700 , 487800 , 381300 , 1.89368
868 , 869584000 , 501700 , 386700 , 1.89368
869 , 870664200 , 505200 , 458100 , 1.89368
870 , 871634500 , 505400 , 376200 , 1.89368
871 , 872633400 , 505300 , 401800 , 1.89368
872 , 873579000 , 516200 , 372500 , 1.89368
873 , 874622700 , 504500 , 365000 , 1.89368
874 , 875526000 , 491000 , 363200 , 1.89368
875 , 876486200 , 489200 , 362500 , 1.89368
876 , 877400100 , 481200 , 363700 , 1.89368
877 , 878344400 , 479600 , 375900 , 1.89368
878 , 879290600 , 499000 , 391400 , 1.89368
879 , 880285900 , 507800 , 372700 , 1.89368
880 , 881224600 , 493600 , 374000 , 1.89368
881 , 882182400 , 490400 , 374300 , 1.89368
882 , 884464400 , 503400 , 1725900 , 1.89368
883 , 885510000 , 521900 , 381000 , 1.89368
884 , 886422500 , 501000 , 359500 , 1.89368
885 , 887391400 , 499500 , 357700 , 1.89368
886 , 888307700 , 489200 , 356600 , 1.89368
887 , 889239400 , 487500 , 356200 , 1.89368
888 , 890142100 , 484300 , 368400 , 1.89368
889 , 891150700 , 490300 , 406800 , 1.89368
890 , 892204400 , 494800 , 483600 , 1.89368
891 , 893184400 , 510100 , 371300 , 1.89368
892 , 894247800 , 595700 , 417300 , 1.89368
893 , 895259800 , 513100 , 381900 , 1.89368
894 , 896196600 , 503100 , 362900 , 1.89368
895 , 897134700 , 491500 , 357200 , 1.89368
896 , 898243700 , 486900 , 572200 , 1.89368
897 , 899395100 , 515100 , 472500 , 1.89368
898 , 900264100 , 443400 , 368300 , 1.89368
899 , 901192600 , 450000 , 374900 , 1.89368
900 , 902093100 , 490000 , 335700 , 1.89368
901 , 903072200 , 503000 , 379900 , 1.89368
902 , 903978700 , 493000 , 363000 , 1.89368
903 , 904937300 , 489000 , 358200 , 1.89368
904 , 905864200 , 493100 , 360200 , 1.89368
905 , 906807300 , 493300 , 362200 , 1.89368
906 , 907718600 , 488700 , 372500 , 1.89368
907 , 908749800 , 516200 , 402600 , 1.89368
908 , 909557900 , 366200 , 374300 , 1.89368
909 , 910563500 , 496800 , 413400 , 1.89368
910 , 911517900 , 509900 , 391500 , 1.89368
911 , 912658100 , 514800 , 506200 , 1.89368
912 , 913580200 , 501800 , 366300 , 1.89368
913 , 916253400 , 510300 , 2052600 , 1.89368
914 , 917240900 , 524700 , 381300 , 1.89368
915 , 918267700 , 498600 , 375600 , 1.89368
916 , 919172900 , 491800 , 361600 , 1.89368
917 , 920135000 , 484400 , 370700 , 1.89368
918 , 921056100 , 481300 , 369800 , 1.89368
919 , 921997900 , 478700 , 370300 , 1.89368
920 , 922955000 , 518500 , 382200 , 1.89368
921 , 923957200 , 510200 , 373700 , 1.89368
922 , 924915900 , 508200 , 375000 , 1.89368
923 , 925893200 , 503300 , 377800 , 1.89368
924 , 926823000 , 503600 , 374900 , 1.89368
925 , 927932700 , 528600 , 385400 , 1.89368
926 , 928896800 , 516800 , 389500 , 1.89368
927 , 930113000 , 510400 , 588200 , 1.89368
928 , 931308000 , 580300 , 402400 , 1.89368
929 , 932296700 , 512300 , 376900 , 1.89368
930 , 933267900 , 524900 , 387700 , 1.89368
931 , 934257200 , 504300 , 372600 , 1.89368
932 , 935250400 , 492900 , 366000 , 1.89368
933 , 936178600 , 480500 , 359500 , 1.89368
934 , 937067200 , 481200 , 358500 , 1.89368
935 , 938061100 , 485700 , 379100 , 1.89368
936 , 939011100 , 512100 , 364200 , 1.89368
937 , 939970600 , 492100 , 378900 , 1.89368
938 , 940902200 , 492500 , 385000 , 1.89368
939 , 941878100 , 497100 , 379900 , 1.89368
940 , 942841900 , 518700 , 387000 , 1.89368
941 , 943914700 , 505000 , 453600 , 1.89368
942 , 944867600 , 503800 , 377800 , 1.89368
943 , 947444400 , 530300 , 1940600 , 1.89368
944 , 948404500 , 526400 , 373700 , 1.89368
945 , 949373500 , 505100 , 354100 , 1.89368
946 , 950314900 , 494700 , 378800 , 1.89368
947 , 951279000 , 433200 , 440500 , 1.89368
948 , 952092800 , 355600 , 414600 , 1.89368
949 , 953072500 , 491700 , 375000 , 1.89368
950 , 953980900 , 485200 , 353800 , 1.89368
951 , 954901500 , 479400 , 353200 , 1.89368
952 , 955811700 , 496400 , 365100 , 1.89368
953 , 956775600 , 492800 , 361300 , 1.89368
954 , 957717200 , 489000 , 402400 , 1.89368
955 , 958550200 , 370000 , 357200 , 1.89368
956 , 959488500 , 499500 , 366800 , 1.89368
957 , 960328200 , 345800 , 388700 , 1.89368
958 , 961425700 , 492500 , 550600 , 1.89368
959 , 962636500 , 527500 , 504300 , 1.89368
960 , 963584700 , 510900 , 363400 , 1.89368
961 , 964541800 , 501900 , 364800 , 1.89368
962 , 965556600 , 499300 , 373700 , 1.89368
963 , 966521900 , 490600 , 363100 , 1.89368
964 , 967442700 , 486600 , 364100 , 1.89368
965 , 968379600 , 487200 , 360600 , 1.89368
966 , 969269200 , 480400 , 359900 , 1.89368
967 , 970225400 , 480500 , 366700 , 1.89368
968 , 971136400 , 480700 , 380500 , 1.89368
969 , 972100800 , 478500 , 374000 , 1.89368
970 , 973046100 , 488400 , 379600 , 1.89368
971 , 973986100 , 485800 , 361900 , 1.89368
972 , 974899000 , 481900 , 380900 , 1.89368
973 , 975860200 , 480900 , 367900 , 1.89368
974 , 978673300 , 487900 , 2256000 , 1.89368
975 , 979712100 , 516200 , 401400 , 1.89368
976 , 980668300 , 515400 , 385000 , 1.89368
977 , 981648000 , 498000 , 368500 , 1.89368
978 , 982562000 , 491700 , 373800 , 1.89368
979 , 983534000 , 488900 , 373900 , 1.89368
980 , 984442200 , 477100 , 360500 , 1.89368
981 , 985378900 , 484700 , 365200 , 1.89368
982 , 986280400 , 479800 , 373800 , 1.89368
983 , 987286100 , 505400 , 391400 , 1.89368
984 , 988211400 , 486600 , 365500 , 1.89368
985 , 989204100 , 477600 , 428400 , 1.89368
986 , 990124500 , 484500 , 387800 , 1.89368
987 , 991095000 , 480300 , 378600 , 1.89368
988 , 991929100 , 399400 , 360600 , 1.89368
989 , 992956400 , 492000 , 437500 , 1.89368
990 , 993959900 , 518600 , 424200 , 1.89368
991 , 994973800 , 514200 , 380300 , 1.89368
992 , 995946300 , 509300 , 404900 , 1.89368
993 , 996947600 , 506200 , 378500 , 1.89368
994 , 997917600 , 511200 , 382800 , 1.89368
995 , 998905500 , 508500 , 381900 , 1.89368
996 , 999857400 , 503200 , 397300 , 1.89368
997 , 1000895000 , 531100 , 388100 , 1.89368
998 , 1001826100 , 370500 , 397900 , 1.89368
999 , 1002818800 , 525800 , 363400 , 1.89368
1000 , 1003762000 , 514400 , 373000 , 1.89368
1001 , 1004768200 , 504600 , 385600 , 1.89368
1002 , 1005740600 , 520400 , 375500 , 1.89368
1003 , 1006696500 , 497300 , 369500 , 1.89368
1004 , 1007594600 , 482700 , 366700 , 1.89368
1005 , 1010092400 , 493600 , 1897900 , 1.89368
1006 , 1011047200 , 502400 , 392300 , 1.89368
1007 , 1012186200 , 489500 , 407300 , 1.89368
1008 , 1013136400 , 488400 , 389200 , 1.89368
1009 , 1013981800 , 364200 , 382300 , 1.89368
1010 , 1014756000 , 356200 , 375200 , 1.89368
1011 , 1015581500 , 352200 , 372100 , 1.89368
1012 , 1016361300 , 346700 , 372100 , 1.89368
1013 , 1017157100 , 341700 , 374400 , 1.89368
1014 , 1017924900 , 339000 , 387500 , 1.89368
1015 , 1018937900 , 516700 , 381800 , 1.89368
1016 , 1019923800 , 509600 , 401600 , 1.89368
1017 , 1020925700 , 507700 , 398800 , 1.89368
1018 , 1021907800 , 536600 , 386400 , 1.89368
1019 , 1022949900 , 534100 , 408200 , 1.89368
1020 , 1023943400 , 522100 , 392300 , 1.89368
1021 , 1024893400 , 445900 , 405900 , 1.89368
1022 , 1025706300 , 376900 , 389000 , 1.89368
1023 , 1026539300 , 365200 , 380200 , 1.89368
1024 , 1027353500 , 353700 , 417500 , 1.89368
1025 , 1028300500 , 454900 , 389000 , 1.89368
1026 , 1029225200 , 482400 , 373100 , 1.89368
1027 , 1030192700 , 477700 , 380800 , 1.89368
1028 , 1031107300 , 474700 , 390300 , 1.89368
1029 , 1032076700 , 474400 , 385800 , 1.89368
1030 , 1033026800 , 480600 , 393800 , 1.89368
1031 , 1033985000 , 484600 , 382500 , 1.89368
1032 , 1034917600 , 490700 , 391400 , 1.89368
1033 , 1035909900 , 491100 , 385100 , 1.89368
1034 , 1036838900 , 492800 , 386100 , 1.89368
1035 , 1037842100 , 491000 , 400700 , 1.89368
1036 , 1038679100 , 374200 , 390600 , 1.89368
1037 , 1039927300 , 509400 , 643300 , 1.89368
1038 , 1041729800 , 521800 , 1199500 , 1.89368
1039 , 1042946700 , 520100 , 526000 , 1.89368
1040 , 1043956600 , 503500 , 431600 , 1.89368
1041 , 1044927300 , 499900 , 376700 , 1.89368
1042 , 1045861600 , 499700 , 380400 , 1.89368
1043 , 1046853200 , 498000 , 382700 , 1.89368
1044 , 1047800200 , 500100 , 376400 , 1.89368
1045 , 1048761000 , 497700 , 373600 , 1.89368
1046 , 1049716500 , 489600 , 416900 , 1.89368
1047 , 1050755700 , 494900 , 429300 , 1.89368
1048 , 1051680800 , 494100 , 375900 , 1.89368
1049 , 1052679800 , 481500 , 385000 , 1.89368
1050 , 1053599500 , 479900 , 371400 , 1.89368
1051 , 1054542700 , 481900 , 374100 , 1.89368
1052 , 1055455500 , 490300 , 374000 , 1.89368
1053 , 1056498200 , 483300 , 389800 , 1.89368
1054 , 1057425000 , 482000 , 374400 , 1.89368
1055 , 1058362600 , 474500 , 375500 , 1.89368
1056 , 1059255700 , 472300 , 372000 , 1.89368
1057 , 1060234900 , 471000 , 402300 , 1.89368
1058 , 1061249100 , 483900 , 383300 , 1.89368
1059 , 1062222100 , 481900 , 402300 , 1.89368
1060 , 1063140300 , 484900 , 380500 , 1.89368
1061 , 1064167000 , 480900 , 437000 , 1.89368
1062 , 1065076000 , 479200 , 376000 , 1.89368
1063 , 1066057200 , 483000 , 374800 , 1.89368
1064 , 1066996300 , 480600 , 388700 , 1.89368
1065 , 1067994700 , 480400 , 429700 , 1.89368
1066 , 1068913000 , 487000 , 381300 , 1.89368
1067 , 1069911500 , 489100 , 394200 , 1.89368
1068 , 1070896200 , 492600 , 415200 , 1.89368
