0 , 3335400 , 2519400 , 723800 , 28.4657
1 , 7148300 , 2554800 , 714500 , 20.1449
2 , 10948900 , 2532700 , 726000 , 18.1953
3 , 14759100 , 2576900 , 706600 , 16.3976
4 , 18738800 , 2648200 , 733200 , 15.2637
5 , 22784300 , 2804200 , 716900 , 14.8321
6 , 26548300 , 2522200 , 705900 , 14.4273
7 , 30435800 , 2636600 , 704900 , 14.1482
8 , 34235200 , 2485400 , 708300 , 13.9986
9 , 37867400 , 2498300 , 694900 , 13.5507
10 , 41852700 , 2493900 , 915900 , 13.4244
11 , 45767100 , 2710200 , 735100 , 13.099
12 , 50081400 , 2571700 , 721700 , 12.9571
13 , 54084000 , 2610700 , 735300 , 12.8546
14 , 57881200 , 2556000 , 712000 , 12.6829
15 , 61918900 , 2518500 , 867300 , 12.595
16 , 65868400 , 2557300 , 738000 , 12.4175
17 , 69189500 , 1873500 , 865100 , 12.3268
18 , 72979900 , 2374500 , 735200 , 12.2498
19 , 76826000 , 2591600 , 720700 , 12.0681
20 , 79929900 , 1887300 , 693200 , 11.9028
21 , 84087500 , 2546700 , 926000 , 11.8362
22 , 88083200 , 2751200 , 734800 , 11.6689
23 , 91943200 , 2212300 , 1040600 , 11.5912
24 , 96027400 , 2720400 , 733600 , 11.4686
25 , 100263700 , 2621000 , 753000 , 11.3913
26 , 104277700 , 2585500 , 747700 , 11.3176
27 , 108299500 , 2602300 , 766900 , 11.2615
28 , 112481600 , 2595000 , 824500 , 11.2147
29 , 116379500 , 2578400 , 727100 , 11.1115
30 , 120373500 , 2535300 , 738400 , 11.0675
31 , 124202400 , 2564100 , 777400 , 10.9104
32 , 128633600 , 2628000 , 729500 , 10.8559
33 , 132655300 , 2552900 , 706000 , 10.84
34 , 136538800 , 2552300 , 708700 , 10.7986
35 , 140396900 , 2584000 , 740800 , 10.7447
36 , 144432000 , 2542500 , 709400 , 10.7072
37 , 147709500 , 1876700 , 687000 , 10.6836
38 , 151120400 , 2160100 , 762900 , 10.6237
39 , 155389600 , 2555500 , 969500 , 10.6005
40 , 159394800 , 2544900 , 735800 , 10.5812
41 , 162775200 , 2221200 , 717200 , 10.4711
42 , 167061400 , 2644400 , 782900 , 10.4476
43 , 170927300 , 2430300 , 729000 , 10.4315
44 , 174896500 , 2565600 , 718400 , 10.4145
45 , 178618200 , 2533100 , 709100 , 10.316
46 , 182368600 , 2170200 , 766200 , 10.2962
47 , 186720200 , 2583200 , 987100 , 10.2825
48 , 190842400 , 2528200 , 715400 , 10.2673
49 , 194599300 , 2579300 , 725400 , 10.1775
50 , 198668300 , 2494600 , 776100 , 10.1606
51 , 202562400 , 2272600 , 815900 , 10.1489
52 , 206468900 , 2503100 , 730700 , 10.1351
53 , 209427500 , 1868500 , 694800 , 10.0521
54 , 213382400 , 2490700 , 708000 , 10.0376
55 , 217422000 , 2461200 , 854400 , 10.0274
56 , 221441900 , 2529700 , 725800 , 10.0061
57 , 225388700 , 2526800 , 721100 , 9.99055
58 , 229183000 , 2494300 , 729700 , 9.97122
59 , 234462000 , 2567500 , 1990700 , 9.95644
60 , 238501500 , 2563000 , 725500 , 9.93771
61 , 242159200 , 2202900 , 794200 , 9.92311
62 , 245963400 , 2499700 , 710300 , 9.90497
63 , 249948800 , 2343300 , 1006600 , 9.89052
64 , 253858000 , 2321900 , 721300 , 9.88082
65 , 258495500 , 3226800 , 706500 , 9.84221
66 , 262503700 , 2544200 , 723000 , 9.83378
67 , 266037300 , 2238100 , 741800 , 9.81465
68 , 269906200 , 2547500 , 706200 , 9.79423
69 , 273892000 , 2522600 , 718600 , 9.78777
70 , 277654400 , 2490800 , 691500 , 9.7693
71 , 281567300 , 2470500 , 739600 , 9.75641
72 , 285760500 , 2680300 , 777400 , 9.73946
73 , 289175600 , 2016600 , 726700 , 9.72691
74 , 292875500 , 2182000 , 882400 , 9.71047
75 , 297549400 , 2041200 , 1975200 , 9.69788
76 , 301368200 , 2438100 , 712800 , 9.68196
77 , 305777600 , 2915000 , 747600 , 9.66928
78 , 309681800 , 2527600 , 742400 , 9.65393
79 , 314026300 , 2875100 , 775100 , 9.64108
80 , 318115800 , 2612000 , 710100 , 9.63301
81 , 321880300 , 2543800 , 687900 , 9.59919
82 , 325899000 , 2513000 , 714600 , 9.59201
83 , 329780200 , 2549100 , 720700 , 9.57508
84 , 333758500 , 2565200 , 716200 , 9.56312
85 , 337572700 , 2527200 , 686800 , 9.548
86 , 341496600 , 2505100 , 746900 , 9.53617
87 , 345447300 , 2519000 , 789800 , 9.52167
88 , 349597700 , 2564800 , 727200 , 9.50954
89 , 353383100 , 2406800 , 723400 , 9.50205
90 , 357435900 , 2497200 , 911400 , 9.48445
91 , 361586200 , 2785800 , 709800 , 9.47614
92 , 365499100 , 2572300 , 712400 , 9.45851
93 , 369523800 , 2519600 , 754700 , 9.45042
94 , 373345000 , 2541900 , 734800 , 9.43292
95 , 377657200 , 2884700 , 738400 , 9.42508
96 , 381450900 , 2332900 , 728900 , 9.40772
97 , 385546800 , 2544300 , 717500 , 9.40324
98 , 389371600 , 2521500 , 720400 , 9.38763
99 , 393633600 , 2868200 , 730300 , 9.37746
100 , 396934600 , 1905800 , 739200 , 9.36991
101 , 400192400 , 1943700 , 736500 , 9.35396
102 , 404373400 , 2633000 , 754100 , 9.34571
103 , 408487100 , 2678500 , 753700 , 9.33706
104 , 412447300 , 2532100 , 723000 , 9.32937
105 , 416793900 , 2934600 , 751900 , 9.32127
106 , 420786600 , 2559400 , 711000 , 9.31349
107 , 424713800 , 2549200 , 721800 , 9.3056
108 , 427930900 , 1875400 , 702500 , 9.29786
109 , 431265000 , 1969400 , 728500 , 9.29011
110 , 435240700 , 2483200 , 724100 , 9.28244
111 , 439442400 , 2585800 , 880500 , 9.27481
112 , 443270700 , 2269600 , 769100 , 9.26723
113 , 447187500 , 2427700 , 745600 , 9.26308
114 , 451258900 , 2531200 , 728000 , 9.2593
115 , 455394000 , 2602500 , 754900 , 9.25556
116 , 459488100 , 2596600 , 735400 , 9.25182
117 , 463423400 , 2383500 , 749200 , 9.2481
118 , 466826400 , 1947200 , 731500 , 9.24439
119 , 470915400 , 2490500 , 756800 , 9.24069
120 , 474924300 , 2499800 , 761200 , 9.23701
121 , 478876400 , 2487400 , 736000 , 9.23333
122 , 482493700 , 2121400 , 746700 , 9.22967
123 , 486474000 , 2500000 , 745400 , 9.22602
124 , 490434500 , 2488000 , 745600 , 9.22238
125 , 493888800 , 1972400 , 733200 , 9.21876
126 , 497881200 , 2510300 , 727800 , 9.21514
127 , 501687500 , 2259800 , 723800 , 9.21154
128 , 506055900 , 2537800 , 747200 , 9.20795
129 , 510079600 , 2521100 , 722700 , 9.20437
130 , 514150800 , 2582700 , 728900 , 9.2008
131 , 518256000 , 2577700 , 730900 , 9.19725
132 , 522236800 , 2545100 , 745100 , 9.1937
133 , 526284900 , 2569100 , 741700 , 9.19017
134 , 529624800 , 1876800 , 712500 , 9.18665
135 , 533626500 , 2527200 , 724100 , 9.18314
136 , 537690400 , 2530600 , 733800 , 9.17964
137 , 541601300 , 2445100 , 696200 , 9.17775
138 , 545653300 , 2491900 , 703700 , 9.176
139 , 549716000 , 2524200 , 724100 , 9.17426
140 , 553737400 , 2478900 , 729100 , 9.17253
141 , 557769900 , 2504600 , 710300 , 9.1708
142 , 561817400 , 2495800 , 738400 , 9.16907
143 , 566164800 , 2521800 , 984400 , 9.16734
144 , 570757200 , 2592900 , 904000 , 9.16561
145 , 575057600 , 2747300 , 729300 , 9.16389
146 , 579165500 , 2570500 , 720700 , 9.16217
147 , 583553400 , 2607500 , 737000 , 9.16046
148 , 587842800 , 2539100 , 752000 , 9.15875
149 , 591746900 , 2382200 , 696800 , 9.15704
150 , 596169800 , 2495800 , 1086000 , 9.15533
151 , 600313700 , 2510000 , 769100 , 9.15362
152 , 604475900 , 2497600 , 743200 , 9.15192
153 , 608556600 , 2533400 , 729400 , 9.15022
154 , 612556700 , 2319700 , 870200 , 9.14853
155 , 616658600 , 2537200 , 742800 , 9.14683
156 , 620783900 , 2501400 , 701200 , 9.14514
157 , 624862700 , 2512500 , 730200 , 9.14346
158 , 628731000 , 2365900 , 735600 , 9.14177
159 , 632873300 , 2560400 , 738800 , 9.14009
160 , 636979400 , 2618600 , 732100 , 9.13841
161 , 641061200 , 2555200 , 733300 , 9.13673
162 , 645399700 , 2729600 , 777900 , 9.13506
163 , 648974100 , 2071600 , 757500 , 9.13339
164 , 652676400 , 2174100 , 717100 , 9.13172
165 , 656710900 , 2517700 , 731300 , 9.13006
166 , 660936400 , 2614700 , 817100 , 9.1284
167 , 665196900 , 2537200 , 752300 , 9.12674
168 , 669489000 , 2686800 , 772200 , 9.12508
169 , 673740700 , 2719900 , 747600 , 9.12343
170 , 678154200 , 2569800 , 739600 , 9.12178
171 , 682409700 , 2560000 , 829500 , 9.12013
172 , 686604800 , 2576300 , 744400 , 9.11848
173 , 690797700 , 2552100 , 843300 , 9.11684
174 , 694847300 , 2501000 , 715600 , 9.1152
175 , 698919600 , 2534400 , 727600 , 9.11357
176 , 702997900 , 2548600 , 725200 , 9.11193
177 , 707079900 , 2516700 , 722300 , 9.1103
178 , 711156900 , 2524900 , 741100 , 9.10868
179 , 715442400 , 2562600 , 860200 , 9.10705
180 , 719606200 , 2570200 , 746900 , 9.10543
181 , 723567000 , 2351300 , 755800 , 9.10381
182 , 727652100 , 2517400 , 726100 , 9.10219
183 , 731943000 , 2662300 , 808300 , 9.10058
184 , 736128100 , 2677000 , 738000 , 9.09897
185 , 740590100 , 2695700 , 742000 , 9.09736
186 , 744812800 , 2527600 , 894000 , 9.09576
187 , 749148100 , 2772500 , 738200 , 9.09415
188 , 753094100 , 2159700 , 1035400 , 9.09255
189 , 757626100 , 2760400 , 780700 , 9.09096
190 , 761669800 , 2463100 , 723900 , 9.08936
191 , 765751200 , 2466000 , 725200 , 9.08777
192 , 769734500 , 2417000 , 745100 , 9.08618
193 , 773696400 , 2395300 , 718700 , 9.0846
194 , 777698300 , 2442500 , 720600 , 9.08302
195 , 781699100 , 2425800 , 738100 , 9.08144
196 , 785886900 , 2422900 , 895700 , 9.07986
197 , 790250700 , 2513200 , 760100 , 9.07829
198 , 794340000 , 2464900 , 774400 , 9.07671
199 , 798506900 , 2483600 , 749100 , 9.07589
200 , 802710900 , 2537000 , 732200 , 9.0751
201 , 806739700 , 2393700 , 743400 , 9.07432
202 , 810802100 , 2427800 , 738000 , 9.07354
203 , 814306000 , 1792600 , 713400 , 9.07276
204 , 818729300 , 2655000 , 802800 , 9.07197
205 , 823134600 , 2537700 , 776200 , 9.07119
206 , 827452000 , 2535500 , 740300 , 9.07042
207 , 831563400 , 2471400 , 686300 , 9.06964
208 , 836172900 , 2471400 , 784700 , 9.06886
209 , 840404200 , 2459200 , 783600 , 9.06808
210 , 844642100 , 2536500 , 718900 , 9.0673
211 , 849085600 , 2481800 , 1011200 , 9.06653
212 , 853302900 , 2456000 , 785000 , 9.06575
213 , 857715700 , 2474100 , 901900 , 9.06498
214 , 861998900 , 2614500 , 716400 , 9.0642
215 , 866771100 , 2559500 , 886500 , 9.06343
216 , 871028200 , 2444100 , 740700 , 9.06266
217 , 875161100 , 2422300 , 735500 , 9.06189
218 , 879604700 , 2510100 , 963800 , 9.06111
219 , 883880500 , 2539600 , 738900 , 9.06034
220 , 887979600 , 2465000 , 727800 , 9.05957
221 , 892042900 , 2445500 , 760800 , 9.05881
222 , 896187500 , 2538700 , 751700 , 9.05804
223 , 900376800 , 2480400 , 792800 , 9.05727
224 , 904464300 , 2498700 , 729500 , 9.0565
225 , 908189500 , 2145900 , 733800 , 9.05574
226 , 912687900 , 2839700 , 758100 , 9.05497
227 , 917190300 , 2698800 , 719700 , 9.0542
228 , 921569500 , 2632500 , 818900 , 9.05344
229 , 927007800 , 2612000 , 1885500 , 9.05268
230 , 931214600 , 2581500 , 736700 , 9.05191
231 , 935645900 , 2607100 , 848100 , 9.05115
232 , 939886600 , 2593400 , 724600 , 9.05039
233 , 944127800 , 2599900 , 734400 , 9.04963
234 , 948523300 , 2531900 , 739900 , 9.04887
235 , 952617700 , 2535600 , 725300 , 9.04811
236 , 956723700 , 2528500 , 718200 , 9.04735
237 , 961003800 , 2524400 , 729300 , 9.04659
238 , 965128100 , 2516000 , 747900 , 9.04583
239 , 969335500 , 2561700 , 783300 , 9.04508
240 , 973528400 , 2549700 , 766000 , 9.04432
241 , 978183000 , 2885900 , 732000 , 9.04356
242 , 982478000 , 2642100 , 775200 , 9.04281
243 , 986635200 , 2567100 , 725500 , 9.04205
244 , 990697000 , 2483600 , 716800 , 9.0413
245 , 994830500 , 2528800 , 728900 , 9.04055
246 , 998923000 , 2532000 , 707500 , 9.0398
247 , 1003095500 , 2539600 , 724500 , 9.03904
248 , 1007513800 , 2601100 , 956200 , 9.03829
249 , 1011906800 , 2592100 , 725300 , 9.03754
250 , 1016048400 , 2569700 , 702900 , 9.03679
251 , 1020317600 , 2616800 , 749500 , 9.03604
252 , 1025036400 , 2707600 , 741700 , 9.0353
253 , 1029240200 , 2582700 , 733500 , 9.03455
254 , 1033791900 , 2849600 , 757100 , 9.0338
255 , 1038482300 , 2866300 , 796000 , 9.03305
256 , 1042833400 , 2748500 , 744600 , 9.03231
257 , 1046996000 , 2579700 , 734000 , 9.03156
258 , 1051162100 , 2579600 , 728000 , 9.03082
259 , 1055470600 , 2650700 , 734100 , 9.03008
260 , 1059614200 , 2552200 , 726500 , 9.02933
261 , 1063815500 , 2560900 , 719300 , 9.02859
262 , 1067974000 , 2570600 , 733000 , 9.02785
263 , 1072629600 , 2627700 , 780400 , 9.02711
264 , 1076813800 , 2529100 , 745300 , 9.02637
265 , 1080973100 , 2556600 , 723800 , 9.02563
266 , 1085278300 , 2550500 , 796700 , 9.02489
267 , 1089408700 , 2536600 , 739600 , 9.02415
268 , 1093534500 , 2550300 , 728400 , 9.02341
269 , 1097691500 , 2552400 , 723300 , 9.02267
270 , 1102310100 , 2771700 , 812900 , 9.02194
271 , 1106752800 , 2754100 , 715300 , 9.0212
272 , 1111065700 , 2717000 , 726700 , 9.02046
273 , 1115627000 , 2596100 , 1085300 , 9.01973
274 , 1120122300 , 2620200 , 687600 , 9.019
275 , 1124584300 , 2620400 , 744600 , 9.01826
276 , 1128695000 , 2527300 , 720400 , 9.01753
277 , 1132870700 , 2556800 , 753800 , 9.0168
278 , 1137189700 , 2558600 , 726800 , 9.01607
279 , 1141297000 , 2499400 , 755200 , 9.01533
280 , 1145521400 , 2549500 , 792900 , 9.0146
281 , 1149814300 , 2559500 , 727100 , 9.01387
282 , 1153947900 , 2520700 , 727300 , 9.01314
283 , 1157979100 , 2472300 , 741200 , 9.01242
284 , 1162215000 , 2513300 , 870600 , 9.01169
285 , 1166959400 , 2956300 , 734500 , 9.01096
286 , 1171075000 , 2552500 , 715500 , 9.01023
287 , 1175296400 , 2580300 , 763700 , 9.00951
288 , 1179501100 , 2567900 , 725600 , 9.00878
289 , 1183703100 , 2440800 , 876900 , 9.00806
290 , 1188042800 , 2757600 , 707600 , 9.00733
291 , 1192452600 , 2627200 , 923100 , 9.00661
292 , 1196750400 , 2652700 , 774400 , 9.00589
293 , 1200948300 , 2513900 , 770300 , 9.00516
294 , 1205028300 , 2502100 , 717000 , 9.00444
295 , 1209069300 , 2517900 , 702300 , 9.00372
296 , 1213763000 , 3042400 , 728300 , 9.003
297 , 1217840500 , 2535100 , 699200 , 9.00228
298 , 1221682100 , 2207000 , 743600 , 9.00156
299 , 1226110000 , 2495700 , 1052500 , 9.00084
300 , 1230473000 , 2573300 , 806700 , 9.00012
301 , 1234629300 , 2559900 , 726800 , 8.99941
302 , 1239425800 , 2977700 , 851700 , 8.99869
303 , 1243740400 , 2718700 , 742700 , 8.99797
304 , 1248225500 , 2613300 , 1034300 , 8.99726
305 , 1253060600 , 2595700 , 729900 , 8.99654
306 , 1257363500 , 2586800 , 822600 , 8.99583
307 , 1261967100 , 2595300 , 758600 , 8.99511
308 , 1266739700 , 2548200 , 906000 , 8.9944
309 , 1271488700 , 2591400 , 776400 , 8.99368
310 , 1276184700 , 2569200 , 746400 , 8.99297
311 , 1280248000 , 2279100 , 861200 , 8.99226
312 , 1284521400 , 2616900 , 762300 , 8.99155
313 , 1288814400 , 2294100 , 1131900 , 8.99084
314 , 1293493900 , 2756300 , 792900 , 8.99013
315 , 1297856700 , 2570800 , 744400 , 8.98942
316 , 1302093500 , 2525800 , 738500 , 8.98871
317 , 1306322300 , 2576400 , 756800 , 8.988
318 , 1310238800 , 2266100 , 753000 , 8.98729
319 , 1314504300 , 2608400 , 749600 , 8.98659
320 , 1318767200 , 2551900 , 712300 , 8.98588
321 , 1323163600 , 2598500 , 769000 , 8.98517
322 , 1327367400 , 2573900 , 744500 , 8.98447
323 , 1331411100 , 2419100 , 721500 , 8.98376
324 , 1336826300 , 2345600 , 2103200 , 8.98306
325 , 1340904100 , 2455100 , 720600 , 8.98235
326 , 1345003600 , 2495100 , 724400 , 8.98165
327 , 1349113300 , 2472300 , 713800 , 8.98095
328 , 1353330300 , 2543500 , 766600 , 8.98025
329 , 1357600800 , 2550100 , 755000 , 8.97954
330 , 1362539700 , 2566400 , 1050900 , 8.97884
331 , 1367095200 , 2563400 , 998800 , 8.97814
332 , 1371624400 , 2554300 , 743300 , 8.97744
333 , 1375766800 , 2502800 , 723900 , 8.97674
334 , 1379882600 , 2463300 , 712300 , 8.97604
335 , 1384391500 , 2524400 , 1043200 , 8.97534
336 , 1388982800 , 2712200 , 769800 , 8.97465
337 , 1393544100 , 2771500 , 735000 , 8.97395
338 , 1398008200 , 2559200 , 894400 , 8.97325
339 , 1402722500 , 2926600 , 750700 , 8.97256
340 , 1407317700 , 2697500 , 975900 , 8.97186
341 , 1411742400 , 2759300 , 758000 , 8.97117
342 , 1416034000 , 2552000 , 774700 , 8.97047
343 , 1420276000 , 2557600 , 761300 , 8.96978
344 , 1424588300 , 2620900 , 773600 , 8.96908
345 , 1428710800 , 2530300 , 730300 , 8.96839
346 , 1432860300 , 2553200 , 729400 , 8.9677
347 , 1436951200 , 2525300 , 678300 , 8.967
348 , 1441041100 , 2524500 , 686200 , 8.96631
349 , 1446372700 , 2749100 , 1237300 , 8.96562
350 , 1451397000 , 2629100 , 936500 , 8.96493
351 , 1455981700 , 2770400 , 799900 , 8.96424
352 , 1460339200 , 2599900 , 918900 , 8.96355
353 , 1464815500 , 2778500 , 741100 , 8.96286
354 , 1469273000 , 2559500 , 899000 , 8.96218
355 , 1473740000 , 2761500 , 752700 , 8.96149
356 , 1478173100 , 2578600 , 918700 , 8.9608
357 , 1482818700 , 2751700 , 761300 , 8.96011
358 , 1487051800 , 2590800 , 772700 , 8.95943
359 , 1491297300 , 2566000 , 808600 , 8.95874
360 , 1495221500 , 2266600 , 751300 , 8.95806
361 , 1499451400 , 2583900 , 770900 , 8.95737
362 , 1503672000 , 2575600 , 728700 , 8.95669
363 , 1507750300 , 2508200 , 688700 , 8.956
364 , 1511904500 , 2537800 , 756800 , 8.95532
365 , 1516115100 , 2532200 , 736800 , 8.95464
366 , 1520495700 , 2590900 , 726000 , 8.95395
367 , 1524894800 , 2574900 , 740500 , 8.95361
368 , 1529497900 , 2544500 , 824600 , 8.95327
369 , 1533921200 , 2592800 , 836600 , 8.95293
370 , 1538293000 , 2538000 , 738200 , 8.95259
371 , 1542780000 , 2594100 , 979200 , 8.95225
372 , 1546999300 , 2490500 , 721500 , 8.95191
373 , 1551164000 , 2500300 , 727400 , 8.95157
374 , 1555521200 , 2525100 , 754200 , 8.95123
375 , 1564419200 , 2648300 , 5314500 , 8.95089
376 , 1570898700 , 2882300 , 1243000 , 8.95055
377 , 1576720400 , 2907400 , 1098200 , 8.95021
378 , 1582487400 , 2726500 , 1138400 , 8.94987
379 , 1587853500 , 2647100 , 1072700 , 8.94953
380 , 1592886200 , 2598700 , 835100 , 8.94919
381 , 1597833000 , 2574200 , 795100 , 8.94885
382 , 1602794800 , 2634800 , 783700 , 8.94851
383 , 1608142400 , 2620800 , 1169100 , 8.94817
384 , 1613432200 , 2688600 , 1083700 , 8.94784
385 , 1618671900 , 2635500 , 1003700 , 8.9475
386 , 1624075100 , 2663900 , 1115100 , 8.94716
387 , 1629461300 , 2656600 , 1092600 , 8.94682
388 , 1634949300 , 2783500 , 1037100 , 8.94648
389 , 1640296500 , 2707400 , 1028400 , 8.94614
390 , 1646113400 , 3145800 , 1018300 , 8.9458
391 , 1651196300 , 2621900 , 988900 , 8.94547
392 , 1656151200 , 2556700 , 872800 , 8.94513
393 , 1661376200 , 2653700 , 1126100 , 8.94479
394 , 1666625000 , 2610900 , 1044700 , 8.94445
395 , 1671451400 , 2681700 , 743600 , 8.94412
396 , 1676095000 , 2621300 , 740100 , 8.94378
397 , 1680460500 , 2580300 , 767400 , 8.94344
398 , 1685139100 , 2598400 , 1025900 , 8.9431
399 , 1690252600 , 2626200 , 1026800 , 8.94277
400 , 1695442500 , 2576200 , 1065000 , 8.94243
401 , 1700875200 , 2629700 , 1296700 , 8.94209
402 , 1705949800 , 2692400 , 808500 , 8.94176
403 , 1710275000 , 2601000 , 742300 , 8.94142
404 , 1715129600 , 3005800 , 897600 , 8.94108
405 , 1719981600 , 2715300 , 756100 , 8.94075
406 , 1724354800 , 2644300 , 745200 , 8.94041
407 , 1728647200 , 2610300 , 741600 , 8.94008
408 , 1733063800 , 2678700 , 771700 , 8.93974
409 , 1737905700 , 2610200 , 717300 , 8.9394
410 , 1742431200 , 2772400 , 793500 , 8.93907
411 , 1747402200 , 2849200 , 1094900 , 8.93873
412 , 1751752000 , 2641400 , 747800 , 8.9384
413 , 1756300300 , 2730000 , 755600 , 8.93806
414 , 1761218900 , 2805600 , 1172600 , 8.93773
415 , 1766331700 , 2649800 , 820100 , 8.93739
416 , 1770952300 , 2624200 , 968000 , 8.93706
417 , 1775454600 , 2586400 , 771200 , 8.93672
418 , 1780067700 , 2573600 , 806100 , 8.93639
419 , 1784853600 , 2738100 , 798400 , 8.93605
420 , 1789324800 , 2708000 , 760000 , 8.93572
421 , 1793874400 , 2669900 , 863300 , 8.93538
422 , 1798765800 , 2735200 , 847600 , 8.93505
423 , 1803277600 , 2772200 , 746600 , 8.93471
424 , 1808875200 , 2577000 , 2028800 , 8.93438
425 , 1813254200 , 2613600 , 752900 , 8.93405
426 , 1818019400 , 3017100 , 758600 , 8.93371
427 , 1822455000 , 2605900 , 813800 , 8.93338
428 , 1827393000 , 2922800 , 971400 , 8.93304
429 , 1832047300 , 2672000 , 923000 , 8.93271
430 , 1836411100 , 2563400 , 770300 , 8.93238
431 , 1840927700 , 2612600 , 788400 , 8.93204
432 , 1845550800 , 2559400 , 758700 , 8.93171
433 , 1849874900 , 2537400 , 753300 , 8.93138
434 , 1854442000 , 2723800 , 796500 , 8.93104
435 , 1859553800 , 2842300 , 938800 , 8.93071
436 , 1864233400 , 2704900 , 915400 , 8.93038
437 , 1868869700 , 2831100 , 749800 , 8.93005
438 , 1874037300 , 2803800 , 1107500 , 8.92971
439 , 1878908800 , 2637400 , 710700 , 8.92938
440 , 1884333100 , 2704900 , 1189300 , 8.92905
441 , 1890118300 , 3059800 , 1126200 , 8.92872
442 , 1895512700 , 2747600 , 1038400 , 8.92839
443 , 1900656700 , 2607900 , 991900 , 8.92805
444 , 1905504800 , 2691200 , 765000 , 8.92772
445 , 1909744700 , 2564200 , 699000 , 8.92739
446 , 1913958800 , 2521900 , 717600 , 8.92706
447 , 1918416100 , 2555700 , 936600 , 8.92673
448 , 1923289700 , 2706500 , 787500 , 8.9264
449 , 1927619600 , 2618700 , 757500 , 8.92606
450 , 1932021300 , 2573600 , 884500 , 8.92573
451 , 1936348800 , 2569500 , 770400 , 8.9254
452 , 1940921400 , 2755200 , 845100 , 8.92507
453 , 1945682000 , 2760000 , 726300 , 8.92474
454 , 1950537400 , 2562200 , 1295400 , 8.92441
455 , 1955831500 , 2761400 , 776500 , 8.92408
456 , 1960357900 , 2830900 , 740500 , 8.92375
457 , 1964694400 , 2617200 , 740900 , 8.92342
458 , 1969518300 , 2653400 , 783000 , 8.92309
459 , 1973960500 , 2596400 , 709800 , 8.92276
460 , 1978193900 , 2578100 , 702100 , 8.92243
461 , 1983196000 , 2673500 , 872500 , 8.9221
462 , 1988370400 , 2592600 , 980900 , 8.92177
463 , 1992966600 , 2595500 , 745400 , 8.92144
464 , 1997416500 , 2585100 , 905100 , 8.92111
465 , 2002327600 , 2598000 , 1020900 , 8.92078
466 , 2006793200 , 2597900 , 743900 , 8.92045
467 , 2011020000 , 2576200 , 696300 , 8.92012
468 , 2015944500 , 2682500 , 1199000 , 8.91979
469 , 2021318800 , 2743800 , 999200 , 8.91946
470 , 2026231600 , 2655700 , 748400 , 8.91913
471 , 2030535300 , 2609900 , 746000 , 8.91881
472 , 2034792500 , 2571800 , 734400 , 8.91848
473 , 2038985900 , 2548600 , 721100 , 8.91815
474 , 2043383600 , 2570700 , 920400 , 8.91782
475 , 2048339200 , 2752700 , 1073500 , 8.91749
476 , 2052822100 , 2689900 , 740100 , 8.91716
477 , 2057015600 , 2554600 , 709700 , 8.91684
478 , 2061199100 , 2547300 , 707800 , 8.91651
479 , 2065841300 , 2560800 , 711100 , 8.91618
480 , 2070323900 , 2555700 , 988800 , 8.91585
481 , 2077358700 , 2800800 , 2725700 , 8.91552
482 , 2082631100 , 2775600 , 1073500 , 8.9152
483 , 2086907800 , 2622600 , 712100 , 8.91487
484 , 2091170500 , 2601600 , 714800 , 8.91454
485 , 2096082600 , 2879300 , 730700 , 8.91421
486 , 2100413700 , 2655800 , 707300 , 8.91389
487 , 2104752900 , 2652700 , 729700 , 8.91356
488 , 2109641900 , 2869300 , 1085200 , 8.91323
489 , 2114750700 , 2853400 , 741400 , 8.91291
490 , 2119331500 , 2701500 , 748700 , 8.91258
491 , 2123837900 , 2737100 , 806000 , 8.91225
492 , 2128838900 , 2640900 , 767700 , 8.91193
493 , 2133105300 , 2602600 , 730400 , 8.9116
494 , 2137749500 , 2635300 , 761500 , 8.91127
495 , 2142737400 , 2869500 , 1189500 , 8.91095
496 , 2147264100 , 2799600 , 771800 , 8.91062
497 , 2151607800 , 2690400 , 717200 , 8.9103
498 , 2156272900 , 2564100 , 1000900 , 8.90997
499 , 2161423000 , 2636600 , 962900 , 8.90964
500 , 2166291200 , 2591900 , 707700 , 8.90932
501 , 2172454000 , 2608300 , 2220100 , 8.90899
502 , 2177143700 , 2814400 , 789900 , 8.90867
503 , 2181588800 , 2791100 , 717600 , 8.90834
504 , 2186651000 , 2739400 , 828800 , 8.90802
505 , 2191280700 , 2620600 , 720300 , 8.90769
506 , 2196404600 , 2617000 , 947700 , 8.90737
507 , 2202573700 , 2815700 , 1916900 , 8.90704
508 , 2208081300 , 2675200 , 1222200 , 8.90672
509 , 2213612600 , 2920800 , 1097200 , 8.90639
510 , 2219044700 , 2760000 , 1208100 , 8.90607
511 , 2224466300 , 2897600 , 1000900 , 8.90574
512 , 2229926800 , 2767300 , 1167100 , 8.90542
513 , 2235807900 , 2979500 , 1359100 , 8.90509
514 , 2240902100 , 2661700 , 865600 , 8.90477
515 , 2246185500 , 2588200 , 1215400 , 8.90445
516 , 2251699100 , 2894500 , 1050800 , 8.90412
517 , 2257037500 , 2805300 , 1012900 , 8.9038
518 , 2262206700 , 2639500 , 1028800 , 8.90347
519 , 2267036600 , 2681500 , 1021600 , 8.90315
520 , 2272156300 , 2591500 , 733300 , 8.90283
521 , 2276435900 , 2603600 , 730900 , 8.9025
522 , 2281039900 , 2912800 , 746400 , 8.90218
523 , 2285433200 , 2598000 , 760300 , 8.90186
524 , 2289632100 , 2543000 , 728300 , 8.90153
525 , 2293820700 , 2532200 , 732000 , 8.90121
526 , 2298207300 , 2695900 , 766700 , 8.90089
527 , 2302562700 , 2399700 , 733400 , 8.90057
528 , 2306912100 , 2594700 , 735400 , 8.90024
529 , 2311085900 , 2525100 , 725400 , 8.89992
530 , 2315433900 , 2527000 , 726200 , 8.8996
531 , 2319670100 , 2546000 , 729300 , 8.89928
532 , 2323907500 , 2564500 , 717900 , 8.89895
533 , 2328147700 , 2511100 , 806500 , 8.89863
534 , 2332455700 , 2514100 , 833800 , 8.89831
535 , 2336748700 , 2585200 , 718100 , 8.89799
536 , 2340885900 , 2487600 , 713900 , 8.89766
537 , 2345253900 , 2672800 , 778800 , 8.89734
538 , 2349690100 , 2723900 , 741400 , 8.89702
539 , 2353844000 , 2396000 , 723700 , 8.8967
540 , 2359511600 , 2581800 , 2165300 , 8.89638
541 , 2363823800 , 2534400 , 755900 , 8.89606
542 , 2368088700 , 2516600 , 733500 , 8.89574
543 , 2371757800 , 1944900 , 735500 , 8.89541
544 , 2376075500 , 2560700 , 749100 , 8.89509
545 , 2380350500 , 2486700 , 749000 , 8.89477
546 , 2384635900 , 2544900 , 740000 , 8.89445
547 , 2390272400 , 2519400 , 2121900 , 8.89413
548 , 2394503000 , 2533000 , 792800 , 8.89381
549 , 2398743200 , 2576800 , 736200 , 8.89349
550 , 2402626900 , 2226200 , 709400 , 8.89317
551 , 2406363800 , 2143200 , 720700 , 8.89285
552 , 2409817000 , 1863000 , 702100 , 8.89253
553 , 2413943700 , 2499100 , 714300 , 8.89221
554 , 2417747500 , 2123000 , 811900 , 8.89189
555 , 2422151700 , 2492000 , 1028700 , 8.89157
556 , 2426357300 , 2527800 , 732900 , 8.89125
557 , 2430519400 , 2548300 , 711300 , 8.89093
558 , 2434777100 , 2491000 , 819200 , 8.89061
559 , 2438877900 , 2520800 , 699600 , 8.89029
560 , 2443087000 , 2551700 , 780700 , 8.88997
561 , 2447207000 , 2502200 , 742000 , 8.88965
562 , 2451105600 , 1898400 , 1136000 , 8.88933
563 , 2455667100 , 2536700 , 761000 , 8.88901
564 , 2459864000 , 2509900 , 717300 , 8.88869
565 , 2464053700 , 2484000 , 729400 , 8.88837
566 , 2468448300 , 2519200 , 897600 , 8.88805
567 , 2472826000 , 2645900 , 761300 , 8.88774
568 , 2477127400 , 2578600 , 715900 , 8.88742
569 , 2481302400 , 2503900 , 719600 , 8.8871
570 , 2485706700 , 2559800 , 783600 , 8.88678
571 , 2490005100 , 2515600 , 710500 , 8.88646
572 , 2493873400 , 2231600 , 712300 , 8.88614
573 , 2498023900 , 2521800 , 704100 , 8.88583
574 , 2502313200 , 2542800 , 746200 , 8.88551
575 , 2506517300 , 2599500 , 706200 , 8.88519
576 , 2510739300 , 2603400 , 731700 , 8.88487
577 , 2516073200 , 2521900 , 1866100 , 8.88455
578 , 2520291000 , 2513800 , 730800 , 8.88424
579 , 2524479000 , 2518800 , 736600 , 8.88392
580 , 2528667400 , 2540100 , 707300 , 8.8836
581 , 2532961700 , 2557700 , 810800 , 8.88328
582 , 2536625600 , 1973300 , 700800 , 8.88297
583 , 2540127900 , 1899600 , 719700 , 8.88265
584 , 2544292500 , 2517500 , 736500 , 8.88233
585 , 2548685300 , 2661100 , 800200 , 8.88202
586 , 2552829200 , 2540400 , 704700 , 8.8817
587 , 2556749600 , 2186500 , 704200 , 8.88138
588 , 2560673000 , 2365800 , 711100 , 8.88106
589 , 2564500100 , 2209000 , 710000 , 8.88075
590 , 2568667700 , 2495300 , 724400 , 8.88043
591 , 2572752900 , 2462500 , 723900 , 8.88012
592 , 2576841500 , 2468600 , 734100 , 8.8798
593 , 2581232000 , 2338300 , 869400 , 8.87948
594 , 2585725500 , 2692400 , 785300 , 8.87917
595 , 2590124600 , 2757600 , 747100 , 8.87885
596 , 2595138000 , 2775200 , 1057600 , 8.87853
597 , 2599502400 , 2691900 , 785100 , 8.87822
598 , 2603421400 , 2290700 , 735500 , 8.8779
599 , 2607660500 , 2595800 , 736700 , 8.87759
600 , 2612037700 , 2714400 , 762700 , 8.87727
601 , 2616602400 , 2716900 , 758700 , 8.87696
602 , 2620972300 , 2538100 , 819800 , 8.87664
603 , 2625392900 , 2543400 , 841000 , 8.87633
604 , 2629784900 , 2560400 , 763800 , 8.87601
605 , 2634145300 , 2558000 , 764000 , 8.8757
606 , 2638924100 , 2762100 , 800900 , 8.87538
607 , 2643578800 , 2855900 , 796600 , 8.87507
608 , 2647966000 , 2553800 , 736700 , 8.87475
609 , 2652261800 , 2568400 , 752700 , 8.87444
610 , 2656721100 , 2749900 , 791000 , 8.87412
611 , 2661132400 , 2751800 , 733800 , 8.87381
612 , 2664776800 , 1946500 , 731500 , 8.87349
613 , 2668268500 , 1916800 , 708200 , 8.87318
614 , 2673952900 , 2688900 , 2085200 , 8.87286
615 , 2678440900 , 2698200 , 762200 , 8.87255
616 , 2682883300 , 2606500 , 754000 , 8.87224
617 , 2687060900 , 2466400 , 718500 , 8.87192
618 , 2691457700 , 2621100 , 775700 , 8.87161
619 , 2695885500 , 2743100 , 698900 , 8.8713
620 , 2699954000 , 2498500 , 718500 , 8.87098
621 , 2705410800 , 2541200 , 1937000 , 8.87067
622 , 2709963300 , 2680700 , 825000 , 8.87035
623 , 2714519800 , 2798500 , 755700 , 8.87004
624 , 2718857900 , 2552300 , 721100 , 8.86973
625 , 2723319100 , 2582300 , 743600 , 8.86941
626 , 2727799900 , 2695700 , 757900 , 8.8691
627 , 2732392300 , 2753700 , 801400 , 8.86879
628 , 2736794800 , 2624200 , 766000 , 8.86848
629 , 2741159300 , 2557100 , 744200 , 8.86816
630 , 2745698700 , 2684200 , 815500 , 8.86785
631 , 2750420300 , 2778400 , 852200 , 8.86754
632 , 2754914200 , 2611800 , 749800 , 8.86723
633 , 2759247700 , 2571600 , 735800 , 8.86691
634 , 2763850000 , 2692900 , 859300 , 8.8666
635 , 2768565800 , 2759200 , 1020000 , 8.86629
636 , 2773006400 , 2642200 , 823300 , 8.86598
637 , 2777308200 , 2620300 , 741500 , 8.86566
638 , 2781925600 , 2794000 , 862200 , 8.86535
639 , 2787203800 , 2830900 , 891700 , 8.86504
640 , 2791505800 , 2586500 , 783400 , 8.86473
641 , 2795834800 , 2631000 , 738000 , 8.86442
642 , 2800274800 , 2724800 , 796200 , 8.86411
643 , 2804882800 , 2766300 , 789600 , 8.86379
644 , 2809074900 , 2542400 , 723300 , 8.86348
645 , 2813303600 , 2553600 , 741300 , 8.86317
646 , 2817785100 , 2716300 , 836900 , 8.86286
647 , 2821889700 , 2435400 , 730000 , 8.86255
648 , 2826229600 , 2659700 , 758900 , 8.86224
649 , 2831994100 , 2704500 , 2155800 , 8.86193
650 , 2836254000 , 2579200 , 753300 , 8.86162
651 , 2841045800 , 2944500 , 732500 , 8.86131
652 , 2845689800 , 2582200 , 726300 , 8.86099
653 , 2850173700 , 2535900 , 741900 , 8.86068
654 , 2854549200 , 2541600 , 736400 , 8.86037
655 , 2858831800 , 2561200 , 725500 , 8.86006
656 , 2864116400 , 2514500 , 1867600 , 8.85975
657 , 2868394600 , 2528400 , 757300 , 8.85944
658 , 2872809500 , 2552000 , 756900 , 8.85913
659 , 2876866500 , 2248600 , 727500 , 8.85882
660 , 2881101500 , 2483100 , 746400 , 8.85851
661 , 2885395200 , 2499400 , 737100 , 8.8582
662 , 2889688200 , 2521600 , 746800 , 8.85789
663 , 2895122900 , 2502500 , 1942800 , 8.85758
664 , 2899327300 , 2367100 , 781900 , 8.85727
665 , 2903495700 , 2410500 , 773400 , 8.85696
666 , 2908032000 , 2636600 , 893400 , 8.85666
667 , 2912528000 , 2733600 , 792700 , 8.85635
668 , 2917048700 , 2612800 , 896400 , 8.85604
669 , 2921520300 , 2696800 , 782100 , 8.85573
670 , 2926388600 , 2644300 , 1159800 , 8.85542
671 , 2931141100 , 2813200 , 768600 , 8.85511
672 , 2935845900 , 2652600 , 757700 , 8.8548
673 , 2940138800 , 2528300 , 743000 , 8.85449
674 , 2944609700 , 2564700 , 790400 , 8.85418
675 , 2948994900 , 2550100 , 803400 , 8.85388
676 , 2953307300 , 2517000 , 773400 , 8.85357
677 , 2957776700 , 2551100 , 892100 , 8.85326
678 , 2962548600 , 2767300 , 770600 , 8.85295
679 , 2967050600 , 2773200 , 771300 , 8.85264
680 , 2971469600 , 2621000 , 857900 , 8.85233
681 , 2975934600 , 2766200 , 722100 , 8.85203
682 , 2979542700 , 1935200 , 706100 , 8.85172
683 , 2983805600 , 2600100 , 743200 , 8.85141
684 , 2989805800 , 2746600 , 2177500 , 8.8511
685 , 2994317800 , 2751500 , 740500 , 8.85079
686 , 2999020100 , 2697000 , 906000 , 8.85049
687 , 3003221700 , 2468100 , 715100 , 8.85018
688 , 3007862700 , 2769400 , 787300 , 8.84987
689 , 3012306800 , 2747300 , 729000 , 8.84957
690 , 3016733200 , 2637400 , 762900 , 8.84926
691 , 3021144800 , 2593800 , 747700 , 8.84895
692 , 3025780200 , 2549100 , 729700 , 8.84864
693 , 3030448300 , 2901300 , 792500 , 8.84834
694 , 3034829300 , 2604700 , 731800 , 8.84803
695 , 3039184200 , 2531600 , 722700 , 8.84772
696 , 3043388300 , 2385800 , 834700 , 8.84742
697 , 3047833500 , 2727700 , 723400 , 8.84711
698 , 3053421700 , 2310700 , 2245400 , 8.8468
699 , 3057785000 , 2702500 , 718100 , 8.8465
700 , 3062038600 , 2579100 , 788100 , 8.84619
701 , 3066125700 , 2512300 , 687500 , 8.84588
702 , 3070528300 , 2705100 , 782000 , 8.84558
703 , 3074977500 , 2787900 , 742300 , 8.84527
704 , 3079275900 , 2559500 , 843300 , 8.84497
705 , 3085045000 , 2796000 , 2033300 , 8.84466
706 , 3089376300 , 2590100 , 737200 , 8.84435
707 , 3093925000 , 2840500 , 724400 , 8.84405
708 , 3098075800 , 2496800 , 713100 , 8.84374
709 , 3102388000 , 2515100 , 752400 , 8.84344
710 , 3106851400 , 2729600 , 756600 , 8.84313
711 , 3111125300 , 2633800 , 702200 , 8.84283
712 , 3116632900 , 2630900 , 1901800 , 8.84252
713 , 3121078200 , 2730900 , 735500 , 8.84222
714 , 3125321000 , 2593400 , 724100 , 8.84191
715 , 3129513300 , 2547400 , 711700 , 8.84161
716 , 3134125800 , 2945700 , 745900 , 8.8413
717 , 3138422100 , 2656100 , 705600 , 8.841
718 , 3142736700 , 2636000 , 733300 , 8.84069
719 , 3147884500 , 2551700 , 1660900 , 8.84039
720 , 3152400400 , 2554300 , 749200 , 8.84008
721 , 3156782300 , 2542100 , 744700 , 8.83978
722 , 3161225900 , 2514400 , 908100 , 8.83947
723 , 3165822600 , 2741800 , 742200 , 8.83917
724 , 3170148600 , 2584000 , 720700 , 8.83887
725 , 3174846400 , 2870500 , 763800 , 8.83856
726 , 3179394800 , 2626600 , 909900 , 8.83826
727 , 3184445000 , 3200400 , 745500 , 8.83795
728 , 3188943800 , 2552300 , 933800 , 8.83765
729 , 3193731700 , 2813600 , 947200 , 8.83735
730 , 3198246600 , 2697200 , 723300 , 8.83704
731 , 3202629100 , 2600700 , 745300 , 8.83674
732 , 3207235100 , 2762400 , 799800 , 8.83643
733 , 3212015100 , 2868700 , 878300 , 8.83613
734 , 3216408600 , 2659500 , 745300 , 8.83583
735 , 3220710400 , 2595900 , 760500 , 8.83552
736 , 3224990500 , 2577800 , 727600 , 8.83522
737 , 3229697300 , 2895400 , 738500 , 8.83492
738 , 3233949300 , 2572100 , 748100 , 8.83462
739 , 3238431200 , 2888500 , 725500 , 8.83431
740 , 3242927300 , 2707300 , 873200 , 8.83401
741 , 3247466600 , 2687200 , 765100 , 8.83371
742 , 3252236800 , 2663500 , 979100 , 8.8334
743 , 3256996900 , 2547600 , 874900 , 8.8331
744 , 3261678500 , 2708200 , 959700 , 8.8328
745 , 3266372300 , 2713400 , 776800 , 8.8325
746 , 3271069900 , 2621300 , 745800 , 8.83219
747 , 3275470100 , 2620600 , 776200 , 8.83189
748 , 3279896000 , 2545600 , 848100 , 8.83159
749 , 3284579500 , 2924800 , 759400 , 8.83129
750 , 3289283800 , 2598000 , 1108900 , 8.83099
751 , 3293426400 , 2386700 , 740700 , 8.83068
752 , 3297229000 , 2016800 , 799300 , 8.83038
753 , 3301821200 , 2748100 , 758300 , 8.83008
754 , 3306271700 , 2681800 , 758100 , 8.82978
755 , 3310915700 , 2730200 , 753300 , 8.82948
756 , 3314912300 , 2199400 , 815700 , 8.82918
757 , 3319541500 , 2729600 , 963100 , 8.82887
758 , 3323876300 , 2613300 , 735500 , 8.82857
759 , 3328153100 , 2548200 , 732400 , 8.82827
760 , 3332565800 , 2532500 , 889300 , 8.82797
761 , 3337109200 , 2798400 , 748300 , 8.82767
762 , 3341469300 , 2621900 , 731400 , 8.82737
763 , 3345840000 , 2568100 , 758200 , 8.82707
764 , 3350121500 , 2550700 , 731100 , 8.82677
765 , 3354432600 , 2556600 , 748700 , 8.82647
766 , 3358607000 , 2352600 , 805800 , 8.82617
767 , 3362682700 , 2373600 , 722900 , 8.82587
768 , 3366308700 , 1936600 , 725000 , 8.82556
769 , 3370686100 , 2581200 , 765500 , 8.82526
770 , 3374974000 , 2545400 , 730600 , 8.82496
771 , 3379351800 , 2618000 , 776000 , 8.82466
772 , 3383921700 , 2735800 , 816200 , 8.82436
773 , 3388209900 , 2545700 , 737900 , 8.82406
774 , 3392546400 , 2547000 , 739000 , 8.82376
775 , 3396813900 , 2528900 , 736700 , 8.82346
776 , 3401106900 , 2546100 , 741800 , 8.82316
777 , 3405780500 , 2544100 , 845800 , 8.82286
778 , 3410161200 , 2752900 , 709200 , 8.82256
779 , 3414541100 , 2595100 , 839100 , 8.82226
780 , 3419182000 , 2719500 , 729200 , 8.82213
781 , 3423403700 , 2577300 , 748000 , 8.82182
782 , 3428079300 , 2935600 , 721500 , 8.82168
783 , 3432606200 , 2648500 , 883300 , 8.82153
784 , 3437154200 , 2742100 , 722300 , 8.82138
785 , 3441579900 , 2465800 , 837800 , 8.82123
786 , 3446173400 , 2794700 , 737900 , 8.82108
787 , 3450766700 , 2637000 , 770400 , 8.82093
788 , 3455490000 , 2900200 , 761600 , 8.82078
789 , 3459880000 , 2573500 , 723000 , 8.82063
790 , 3464234800 , 2575000 , 753500 , 8.82048
791 , 3468896700 , 2564000 , 766400 , 8.82033
792 , 3473090900 , 2371600 , 718900 , 8.82018
793 , 3477667600 , 2520200 , 862300 , 8.82003
794 , 3482092200 , 2517800 , 758300 , 8.81988
795 , 3486640300 , 2732500 , 729100 , 8.81973
796 , 3490935100 , 2519700 , 733400 , 8.81959
797 , 3495394100 , 2491100 , 814200 , 8.81944
798 , 3499837000 , 2518500 , 793300 , 8.81929
799 , 3504365800 , 2522400 , 803300 , 8.81914
800 , 3508741700 , 2546600 , 732900 , 8.81899
801 , 3513154000 , 2506700 , 735000 , 8.81884
802 , 3517530700 , 2496300 , 807800 , 8.81869
803 , 3521917700 , 2514900 , 750100 , 8.81854
804 , 3526537500 , 2556900 , 962100 , 8.81839
805 , 3531165800 , 2539800 , 723100 , 8.81824
806 , 3535778400 , 2534100 , 757000 , 8.81809
807 , 3540123400 , 2498300 , 727900 , 8.81794
808 , 3544607200 , 2506800 , 733500 , 8.81779
809 , 3548976700 , 2505300 , 716700 , 8.81765
810 , 3553195900 , 2433300 , 712300 , 8.8175
811 , 3558090100 , 1845000 , 1986400 , 8.81735
812 , 3562896200 , 2862900 , 758400 , 8.8172
813 , 3566881900 , 2278300 , 762400 , 8.81705
814 , 3571234700 , 2545800 , 764300 , 8.8169
815 , 3575877900 , 2522100 , 946200 , 8.81675
816 , 3580686100 , 2914400 , 799300 , 8.8166
817 , 3585074200 , 2584000 , 752200 , 8.81645
818 , 3590360800 , 2854600 , 1384300 , 8.8163
819 , 3595204400 , 2675900 , 899900 , 8.81615
820 , 3599637400 , 2583200 , 762600 , 8.81601
821 , 3604029800 , 2542600 , 749200 , 8.81586
822 , 3608319000 , 2474300 , 756200 , 8.81571
823 , 3612782400 , 2589100 , 781900 , 8.81556
824 , 3617115300 , 2506900 , 751200 , 8.81541
825 , 3621465900 , 2515100 , 764500 , 8.81526
826 , 3626331600 , 2564000 , 785300 , 8.81511
827 , 3630665400 , 2520400 , 757900 , 8.81496
828 , 3635053900 , 2485500 , 787000 , 8.81482
829 , 3639006800 , 2150800 , 732600 , 8.81467
830 , 3643088000 , 2293500 , 758200 , 8.81452
831 , 3647462000 , 2522900 , 757200 , 8.81437
832 , 3652155800 , 2440600 , 1111500 , 8.81422
833 , 3656635500 , 2570500 , 730500 , 8.81407
834 , 3661457700 , 2795900 , 724800 , 8.81392
835 , 3665916500 , 2602200 , 727000 , 8.81378
836 , 3670578000 , 2634600 , 734000 , 8.81363
837 , 3674908100 , 2557600 , 735600 , 8.81348
838 , 3679068300 , 2500800 , 713200 , 8.81333
839 , 3684876000 , 2538100 , 2304100 , 8.81318
840 , 3689859300 , 3042500 , 736100 , 8.81303
841 , 3694126200 , 2539000 , 703700 , 8.81288
842 , 3698804400 , 2453900 , 1220200 , 8.81274
843 , 3703193400 , 2482000 , 749100 , 8.81259
844 , 3707496800 , 2465500 , 734900 , 8.81244
845 , 3711705100 , 2463400 , 727300 , 8.81229
846 , 3715971100 , 2498800 , 772900 , 8.81214
847 , 3720365600 , 2474300 , 749900 , 8.81199
848 , 3724646800 , 2545000 , 717100 , 8.81185
849 , 3728841400 , 2470800 , 714600 , 8.8117
850 , 3733122300 , 2494800 , 779100 , 8.81155
851 , 3737434800 , 2433500 , 736300 , 8.8114
852 , 3741786200 , 2608200 , 726200 , 8.81125
853 , 3746336700 , 2451800 , 1086100 , 8.8111
854 , 3751005000 , 2593100 , 717700 , 8.81096
855 , 3755292500 , 2512500 , 731400 , 8.81081
856 , 3759629800 , 2560400 , 731100 , 8.81066
857 , 3764395100 , 2967900 , 741500 , 8.81051
858 , 3768991100 , 2656400 , 876500 , 8.81036
859 , 3773545500 , 2790800 , 725700 , 8.81022
860 , 3777903200 , 2610000 , 723100 , 8.81007
861 , 3782244200 , 2530100 , 728300 , 8.80992
862 , 3786600800 , 2589500 , 729100 , 8.80977
863 , 3790865000 , 2506800 , 720500 , 8.80962
864 , 3795095600 , 2487800 , 718500 , 8.80947
865 , 3799335100 , 2492400 , 714700 , 8.80933
866 , 3803714000 , 2558900 , 741400 , 8.80918
867 , 3808042200 , 2536800 , 733000 , 8.80903
